age,gender,city,income,spending_score,membership_years,recommend
56,Male,Bangalore,101326,53,4.7,Yes
46,Male,Hyderabad,32205,48,5.1,No
32,Male,Hyderabad,140243,7,7.9,Yes
60,Male,Delhi,109874,59,4.1,No
25,Female,Bangalore,32748,69,4.7,Yes
38,Female,Mumbai,41097,11,4.1,No
56,Male,Bangalore,23092,15,4.0,No
36,Male,Delhi,73311,64,5.5,Yes
40,Male,Hyderabad,42692,3,8.2,No
28,Male,Hyderabad,144954,69,3.9,Yes
28,Male,Delhi,43862,23,5.5,No
41,Female,Mumbai,110396,53,6.9,No
53,Female,Hyderabad,99507,37,3.1,Yes
57,Female,Chennai,100152,9,3.1,Yes
41,Female,Hyderabad,90469,15,9.4,Yes
20,Male,Chennai,24926,3,7.4,No
39,Male,Delhi,111299,93,6.0,Yes
19,Male,Delhi,23969,70,6.7,Yes
41,Male,Hyderabad,55733,17,0.8,No
61,Male,Bangalore,89855,26,6.4,Yes
47,Female,Chennai,61743,21,5.3,Yes
55,Male,Mumbai,59876,72,5.7,Yes
19,Female,Hyderabad,127445,21,3.9,Yes
38,Female,Mumbai,40323,11,1.3,No
50,Female,Hyderabad,36428,38,2.3,No
29,Female,Bangalore,54578,72,9.5,Yes
39,Male,Bangalore,106486,88,4.4,Yes
61,Female,Bangalore,128577,35,4.9,Yes
42,Female,Bangalore,84140,14,1.0,No
44,Female,Delhi,146378,14,0.9,No
59,Male,Delhi,127325,10,7.3,Yes
45,Male,Chennai,103829,12,5.6,Yes
33,Male,Mumbai,26364,38,5.3,No
32,Female,Hyderabad,148867,34,2.8,No
64,Female,Hyderabad,55349,41,7.6,No
61,Male,Delhi,20691,10,2.1,No
20,Female,Hyderabad,146899,17,2.3,No
54,Male,Delhi,115598,17,4.9,Yes
24,Male,Chennai,86467,67,3.2,Yes
38,Female,Mumbai,65896,62,2.9,Yes
26,Female,Chennai,77062,95,6.6,Yes
56,Female,Bangalore,117266,1,6.7,Yes
35,Female,Bangalore,99762,12,8.3,Yes
21,Male,Bangalore,33861,4,4.5,No
42,Male,Chennai,116837,42,1.2,No
31,Male,Hyderabad,133779,13,3.1,Yes
26,Male,Mumbai,108302,98,9.8,No
43,Male,Bangalore,121710,85,6.2,Yes
19,Female,Bangalore,83928,86,7.2,Yes
37,Male,Bangalore,126643,4,0.6,No
45,Male,Mumbai,135720,82,5.4,No
64,Male,Bangalore,103231,69,0.9,Yes
24,Female,Mumbai,61347,19,5.9,Yes
61,Female,Bangalore,23121,2,9.2,No
25,Female,Chennai,103793,12,9.7,Yes
64,Female,Chennai,48164,81,5.6,Yes
52,Male,Mumbai,45491,74,4.9,Yes
31,Male,Chennai,79222,98,9.5,Yes
34,Female,Mumbai,43165,6,6.9,No
53,Female,Chennai,134250,8,1.1,No
57,Male,Chennai,23748,51,4.9,Yes
21,Male,Mumbai,118581,11,2.8,No
19,Female,Hyderabad,46553,63,5.0,Yes
23,Female,Chennai,136547,57,4.8,Yes
59,Female,Bangalore,80380,12,6.0,Yes
21,Female,Hyderabad,64331,73,3.9,Yes
46,Male,Mumbai,116033,2,2.1,No
35,Male,Hyderabad,116844,8,5.3,Yes
43,Male,Delhi,140617,11,8.4,Yes
61,Female,Delhi,59560,53,6.8,Yes
51,Female,Chennai,73865,10,3.7,Yes
27,Male,Chennai,66686,85,9.4,Yes
53,Male,Bangalore,95910,84,9.2,Yes
31,Male,Hyderabad,24675,8,2.5,No
48,Male,Delhi,86706,36,0.9,No
32,Female,Chennai,126985,93,7.5,Yes
25,Male,Hyderabad,129021,76,8.4,Yes
31,Male,Chennai,144062,14,9.7,Yes
40,Male,Chennai,147359,54,9.0,Yes
57,Male,Delhi,97986,85,6.2,Yes
38,Male,Delhi,96216,86,5.5,Yes
33,Male,Chennai,30068,21,0.8,No
62,Male,Mumbai,74460,50,2.8,No
35,Female,Chennai,120766,94,4.9,Yes
64,Female,Chennai,66418,39,6.5,Yes
41,Female,Bangalore,46206,20,5.8,No
43,Female,Bangalore,148180,88,7.6,Yes
42,Male,Bangalore,20287,87,3.2,Yes
62,Female,Mumbai,42337,7,5.9,No
58,Female,Mumbai,40666,9,1.3,No
46,Male,Chennai,136595,1,4.4,Yes
32,Male,Bangalore,21161,26,7.6,No
62,Female,Mumbai,134817,38,7.1,Yes
18,Female,Delhi,141025,38,9.9,Yes
42,Male,Chennai,120667,61,3.1,Yes
24,Female,Hyderabad,110071,44,5.2,Yes
26,Male,Chennai,118064,86,3.6,Yes
41,Male,Hyderabad,58751,44,4.7,No
18,Male,Bangalore,102063,74,8.6,Yes
61,Male,Hyderabad,126511,62,7.0,Yes
25,Female,Bangalore,109389,6,8.9,Yes
41,Male,Delhi,34758,17,2.4,No
28,Male,Hyderabad,85780,51,8.8,Yes
34,Female,Chennai,135614,38,1.1,No
25,Male,Bangalore,23178,24,8.9,No
52,Female,Chennai,51831,51,3.6,No
52,Female,Mumbai,22176,10,3.5,No
50,Female,Bangalore,123306,72,5.4,Yes
22,Male,Hyderabad,53654,21,9.4,No
59,Female,Bangalore,143220,70,1.0,Yes
56,Female,Chennai,46627,85,3.8,Yes
58,Male,Delhi,72550,57,8.6,Yes
45,Female,Bangalore,132025,39,4.3,Yes
24,Female,Hyderabad,64910,88,2.4,Yes
26,Female,Mumbai,110417,33,4.5,No
25,Female,Delhi,78251,59,4.2,Yes
29,Female,Mumbai,55422,18,9.2,No
51,Male,Bangalore,31984,56,7.7,Yes
50,Female,Chennai,109312,92,5.3,Yes
40,Female,Chennai,81386,57,9.9,Yes
41,Male,Hyderabad,103291,96,4.9,Yes
54,Male,Chennai,27135,76,1.1,No
52,Male,Delhi,20320,48,3.0,Yes
61,Female,Chennai,122958,42,4.6,Yes
57,Male,Hyderabad,114171,27,2.0,No
39,Female,Bangalore,41684,74,9.5,Yes
44,Female,Bangalore,75913,52,7.8,Yes
52,Male,Chennai,108774,42,3.0,No
18,Male,Mumbai,41889,32,6.1,No
52,Female,Bangalore,115849,26,7.4,Yes
54,Male,Chennai,118071,25,9.4,Yes
64,Female,Hyderabad,68899,75,8.9,Yes
31,Male,Chennai,144011,23,5.4,Yes
20,Male,Bangalore,30770,98,7.9,Yes
18,Male,Hyderabad,59321,57,5.8,Yes
22,Female,Chennai,105962,52,5.8,Yes
43,Male,Delhi,129863,87,1.6,No
31,Female,Hyderabad,61777,93,1.7,Yes
56,Female,Delhi,66250,31,5.5,Yes
44,Female,Mumbai,93034,64,3.1,Yes
26,Female,Hyderabad,124940,71,0.7,Yes
32,Male,Delhi,60130,33,7.4,Yes
32,Female,Bangalore,101931,85,0.8,Yes
43,Female,Bangalore,69346,2,6.2,Yes
59,Male,Mumbai,22537,18,5.6,No
30,Female,Hyderabad,104762,47,9.7,Yes
49,Male,Hyderabad,35216,33,5.1,No
56,Female,Hyderabad,104149,98,1.1,Yes
49,Male,Mumbai,23009,84,5.7,Yes
21,Female,Hyderabad,109904,35,8.5,Yes
47,Male,Bangalore,49327,51,10.0,Yes
54,Female,Delhi,34209,18,4.6,No
40,Female,Bangalore,68443,88,3.5,Yes
56,Male,Bangalore,35029,72,9.1,Yes
62,Male,Delhi,87613,30,2.3,No
32,Male,Bangalore,99443,44,6.3,Yes
60,Male,Mumbai,76997,53,4.4,Yes
46,Female,Delhi,122171,10,0.9,No
53,Female,Bangalore,134456,87,3.8,Yes
30,Male,Chennai,82559,52,3.0,Yes
49,Female,Bangalore,84892,49,7.0,Yes
24,Male,Mumbai,90409,11,9.5,Yes
39,Male,Hyderabad,28635,66,3.0,No
45,Female,Bangalore,53065,58,8.2,Yes
19,Female,Hyderabad,131399,90,1.0,Yes
59,Female,Chennai,140544,36,5.6,Yes
62,Female,Bangalore,127340,33,1.2,No
23,Female,Delhi,53783,47,9.4,No
45,Female,Hyderabad,54152,13,7.8,Yes
45,Female,Chennai,78741,40,6.8,Yes
61,Male,Delhi,127049,89,8.3,Yes
61,Male,Delhi,71502,68,6.7,Yes
37,Male,Delhi,49092,42,9.7,No
47,Male,Delhi,37653,19,7.3,No
28,Male,Bangalore,117999,82,9.3,Yes
45,Female,Bangalore,119564,94,5.4,Yes
42,Male,Bangalore,60469,19,1.6,No
56,Male,Chennai,143064,58,5.5,Yes
50,Male,Chennai,106483,23,1.7,No
18,Male,Chennai,141585,54,6.1,No
44,Male,Mumbai,79754,80,5.1,Yes
30,Male,Chennai,49978,65,6.4,Yes
58,Male,Bangalore,107592,12,0.6,No
20,Female,Bangalore,114543,24,2.4,No
56,Female,Mumbai,63169,34,5.2,Yes
23,Male,Mumbai,68287,53,9.5,Yes
25,Female,Chennai,74745,8,4.1,Yes
44,Female,Hyderabad,130168,18,4.5,Yes
26,Female,Mumbai,133985,57,7.3,Yes
54,Female,Delhi,140843,5,6.2,Yes
50,Male,Bangalore,25543,26,3.3,No
59,Female,Delhi,76392,30,4.4,Yes
61,Female,Bangalore,41067,54,2.6,No
41,Female,Bangalore,71033,13,9.7,Yes
32,Male,Mumbai,65256,83,1.7,Yes
49,Male,Mumbai,110633,29,4.0,Yes
49,Male,Delhi,128383,3,0.7,No
41,Male,Bangalore,129048,90,2.6,Yes
58,Male,Delhi,89345,58,7.9,Yes
29,Male,Hyderabad,42191,76,2.4,No
56,Male,Delhi,106803,2,1.3,No
19,Female,Chennai,92742,75,5.0,Yes
20,Female,Delhi,138843,28,0.6,No
54,Female,Chennai,106593,82,1.3,Yes
34,Male,Chennai,48992,77,8.2,Yes
19,Male,Chennai,132050,86,7.8,No
19,Male,Hyderabad,101531,76,9.2,Yes
45,Male,Delhi,68803,2,8.6,Yes
40,Male,Delhi,129975,7,7.0,Yes
54,Female,Hyderabad,83477,26,1.0,No
49,Female,Bangalore,33210,90,7.9,Yes
50,Male,Mumbai,103329,88,8.5,Yes
18,Male,Delhi,46270,76,8.1,Yes
36,Male,Mumbai,82008,16,5.3,Yes
19,Male,Hyderabad,25197,23,2.7,No
61,Female,Bangalore,133857,40,8.5,Yes
43,Male,Bangalore,27452,60,7.4,Yes
49,Male,Bangalore,61486,73,9.8,Yes
23,Male,Hyderabad,34859,32,2.0,No
49,Male,Chennai,47236,15,2.6,No
21,Female,Chennai,51899,13,2.5,No
28,Male,Mumbai,52083,5,8.0,No
34,Male,Chennai,87708,75,2.3,Yes
55,Female,Chennai,131462,74,1.1,Yes
41,Female,Bangalore,36663,52,10.0,No
22,Female,Bangalore,113076,77,0.7,Yes
51,Male,Mumbai,138665,41,8.4,Yes
23,Male,Delhi,39053,53,4.0,Yes
39,Female,Mumbai,31085,50,8.5,No
28,Female,Mumbai,50564,15,5.8,No
33,Female,Hyderabad,109745,7,9.1,No
50,Female,Hyderabad,79095,40,9.3,Yes
26,Female,Mumbai,89517,28,0.6,No
23,Female,Mumbai,41153,32,1.2,No
33,Male,Mumbai,25247,99,2.9,No
46,Male,Chennai,30553,15,6.9,No
20,Male,Hyderabad,40811,85,8.9,Yes
37,Female,Mumbai,115381,70,4.9,Yes
53,Female,Bangalore,26135,65,6.3,Yes
36,Female,Bangalore,25573,4,2.3,No
43,Female,Chennai,138819,11,8.1,Yes
20,Female,Chennai,144588,26,9.7,Yes
36,Female,Delhi,99267,61,3.1,Yes
37,Male,Delhi,27189,37,5.2,No
49,Male,Delhi,100077,23,1.3,No
24,Female,Chennai,63646,93,5.8,Yes
58,Male,Chennai,96623,85,5.3,Yes
50,Female,Chennai,131971,91,1.9,Yes
57,Male,Bangalore,73687,40,4.7,Yes
56,Female,Chennai,88312,77,3.7,Yes
35,Female,Bangalore,127615,23,5.5,Yes
57,Male,Delhi,47564,16,6.1,No
18,Male,Delhi,48835,94,0.6,No
28,Female,Delhi,81587,61,7.7,Yes
45,Female,Mumbai,27697,68,7.3,Yes
42,Male,Mumbai,100165,80,4.0,Yes
40,Male,Hyderabad,93922,31,1.0,No
48,Female,Hyderabad,37046,53,7.7,Yes
47,Male,Hyderabad,77823,25,9.6,Yes
59,Female,Mumbai,93580,44,2.8,No
52,Female,Mumbai,73370,12,3.6,Yes
24,Female,Hyderabad,29615,90,2.2,No
33,Female,Hyderabad,133338,97,6.0,Yes
43,Male,Chennai,25060,92,2.0,No
19,Male,Hyderabad,96436,9,3.9,Yes
18,Male,Chennai,80519,12,7.1,Yes
29,Male,Bangalore,140562,69,5.8,Yes
22,Male,Mumbai,91117,54,4.2,Yes
54,Male,Hyderabad,81158,54,4.5,Yes
49,Male,Mumbai,54782,28,5.8,No
26,Female,Mumbai,105709,56,0.6,Yes
58,Male,Mumbai,98533,99,1.2,Yes
52,Male,Bangalore,128939,69,8.9,Yes
36,Female,Delhi,78255,98,1.2,Yes
33,Male,Hyderabad,131952,98,7.2,Yes
20,Male,Delhi,92684,77,9.2,Yes
37,Female,Delhi,76918,58,3.1,Yes
41,Male,Delhi,146093,78,4.0,Yes
50,Male,Mumbai,104284,75,5.9,Yes
41,Male,Chennai,99558,42,8.9,Yes
28,Female,Mumbai,105549,38,9.4,Yes
25,Male,Mumbai,124223,68,7.5,Yes
53,Male,Delhi,101422,53,1.3,Yes
55,Female,Mumbai,140363,33,6.9,Yes
57,Male,Delhi,146352,71,4.4,Yes
37,Female,Chennai,45256,56,5.0,Yes
52,Female,Hyderabad,50005,72,1.0,No
42,Male,Delhi,26638,51,2.3,No
52,Female,Chennai,57419,74,8.0,Yes
42,Female,Hyderabad,53377,43,4.8,No
46,Male,Bangalore,126244,15,3.4,No
35,Female,Delhi,63116,38,4.1,Yes
63,Female,Delhi,56634,15,8.6,No
35,Male,Bangalore,102291,5,7.6,Yes
19,Male,Bangalore,43382,93,3.1,Yes
52,Male,Delhi,135303,83,1.6,Yes
33,Female,Bangalore,76063,54,2.9,Yes
58,Male,Mumbai,42394,51,9.2,Yes
53,Female,Hyderabad,87789,10,6.0,Yes
50,Female,Hyderabad,123246,12,5.6,Yes
21,Female,Hyderabad,130634,4,6.2,Yes
50,Female,Mumbai,20864,95,4.0,Yes
31,Female,Bangalore,119572,18,8.2,Yes
38,Female,Chennai,60222,80,5.5,Yes
37,Female,Bangalore,33666,36,1.6,No
25,Male,Delhi,143664,25,1.7,No
24,Male,Hyderabad,40955,87,5.6,Yes
20,Female,Bangalore,130674,76,9.4,Yes
34,Female,Chennai,123533,98,3.4,Yes
50,Male,Delhi,101845,36,8.8,Yes
29,Female,Mumbai,136925,67,7.8,Yes
39,Male,Mumbai,89590,9,2.9,No
39,Male,Chennai,147775,61,0.8,Yes
63,Male,Delhi,86471,53,1.5,Yes
47,Female,Hyderabad,130476,18,7.4,Yes
55,Female,Bangalore,108314,43,2.4,No
55,Male,Delhi,142579,35,4.0,Yes
62,Male,Mumbai,63298,63,5.3,No
25,Male,Chennai,83108,98,7.4,Yes
44,Male,Chennai,133864,78,1.6,Yes
44,Male,Bangalore,68924,4,4.4,Yes
51,Female,Chennai,36709,93,5.1,Yes
38,Male,Chennai,29726,41,5.6,No
47,Female,Delhi,80824,45,8.3,No
50,Male,Hyderabad,60542,50,2.1,No
45,Female,Bangalore,40245,79,8.2,Yes
64,Female,Delhi,54753,28,7.1,No
50,Female,Hyderabad,99788,42,5.8,Yes
22,Female,Delhi,41316,80,7.1,Yes
36,Female,Delhi,122907,76,4.4,Yes
21,Female,Chennai,104698,69,1.8,Yes
52,Male,Hyderabad,35960,98,6.8,No
34,Female,Bangalore,50791,1,5.5,No
61,Male,Bangalore,127766,39,6.6,Yes
45,Female,Hyderabad,45216,96,3.7,Yes
47,Female,Chennai,52467,90,9.1,Yes
46,Male,Mumbai,84427,17,6.1,Yes
63,Female,Delhi,132470,91,1.3,Yes
23,Male,Chennai,82047,88,4.8,Yes
52,Male,Hyderabad,93290,35,7.7,Yes
58,Male,Delhi,67014,46,8.0,Yes
54,Male,Bangalore,24078,42,5.2,No
41,Female,Mumbai,98389,39,9.0,Yes
46,Female,Bangalore,70519,90,3.0,Yes
63,Male,Hyderabad,24042,49,4.4,No
48,Female,Delhi,69052,62,9.0,Yes
52,Female,Hyderabad,34389,38,9.0,No
50,Male,Delhi,115961,23,7.0,Yes
38,Female,Chennai,88111,22,8.7,Yes
49,Male,Mumbai,125058,4,1.3,No
40,Male,Chennai,113715,49,8.7,Yes
50,Female,Chennai,70733,59,3.5,Yes
20,Female,Hyderabad,54754,73,2.2,No
35,Female,Mumbai,38624,68,2.8,No
42,Male,Delhi,105886,71,4.5,Yes
59,Male,Delhi,46681,87,2.9,No
48,Female,Bangalore,109524,2,3.5,Yes
20,Female,Delhi,101006,49,1.8,No
57,Female,Hyderabad,44704,88,3.3,Yes
63,Female,Chennai,124272,95,5.9,Yes
41,Male,Chennai,114913,31,4.7,Yes
49,Female,Chennai,114108,40,3.8,No
64,Male,Mumbai,143731,48,7.6,Yes
39,Male,Delhi,27493,51,9.0,Yes
40,Female,Hyderabad,89639,43,7.7,Yes
19,Female,Mumbai,120380,98,3.7,Yes
44,Female,Bangalore,74383,55,7.6,Yes
59,Male,Hyderabad,22994,88,1.9,No
19,Female,Hyderabad,89280,49,1.7,No
43,Female,Hyderabad,67234,90,3.8,Yes
34,Male,Chennai,67291,80,8.2,Yes
57,Female,Hyderabad,148674,57,2.8,Yes
50,Male,Delhi,112868,77,1.1,Yes
26,Female,Hyderabad,25594,15,1.8,No
60,Male,Chennai,125835,27,8.7,Yes
56,Female,Hyderabad,27371,68,6.5,Yes
46,Female,Bangalore,67315,80,2.9,Yes
59,Male,Bangalore,103564,64,5.8,Yes
43,Male,Chennai,147251,94,5.5,Yes
52,Female,Delhi,121448,30,6.7,No
42,Male,Delhi,99526,36,2.7,No
41,Male,Mumbai,132387,67,8.7,Yes
30,Male,Chennai,36626,86,3.4,Yes
24,Male,Hyderabad,106005,86,7.1,Yes
53,Female,Chennai,126258,49,0.7,No
62,Female,Mumbai,125573,76,4.0,Yes
37,Male,Chennai,27130,55,3.8,Yes
18,Male,Chennai,26828,85,5.7,Yes
25,Male,Mumbai,77514,56,1.2,Yes
63,Male,Delhi,127148,68,8.0,Yes
33,Female,Hyderabad,132524,95,2.6,Yes
31,Female,Mumbai,124635,44,6.9,Yes
29,Male,Bangalore,72664,31,8.1,No
40,Male,Delhi,131701,58,5.8,Yes
32,Male,Bangalore,37883,87,7.5,Yes
45,Female,Delhi,63059,53,6.8,Yes
51,Male,Hyderabad,104078,84,3.9,Yes
19,Female,Hyderabad,62932,79,8.2,Yes
49,Male,Chennai,149900,23,3.3,Yes
40,Female,Bangalore,81269,28,5.9,Yes
39,Male,Delhi,139850,16,7.6,Yes
42,Female,Hyderabad,95986,37,4.1,Yes
39,Male,Mumbai,105959,21,3.4,Yes
39,Male,Hyderabad,22035,79,4.9,Yes
59,Male,Mumbai,129767,17,8.3,Yes
23,Female,Delhi,60745,37,9.3,Yes
32,Male,Hyderabad,37241,77,5.7,Yes
60,Female,Hyderabad,72975,19,6.8,Yes
54,Female,Delhi,43154,30,9.1,No
50,Male,Hyderabad,45625,45,1.4,No
25,Male,Mumbai,64950,18,2.7,No
61,Male,Hyderabad,118602,78,7.2,Yes
61,Female,Bangalore,76396,62,8.3,Yes
22,Male,Chennai,119227,36,8.6,Yes
56,Female,Mumbai,138920,84,4.4,Yes
21,Female,Bangalore,33331,52,1.3,No
23,Male,Delhi,83927,19,4.7,Yes
62,Male,Mumbai,106226,44,2.7,No
49,Male,Chennai,104719,7,3.3,Yes
47,Male,Chennai,83014,44,7.8,Yes
64,Male,Delhi,59346,68,1.2,No
52,Male,Delhi,90411,34,8.4,Yes
57,Female,Mumbai,74478,66,4.6,Yes
33,Female,Hyderabad,32254,69,6.2,Yes
30,Female,Delhi,75734,55,1.4,Yes
59,Male,Hyderabad,48621,10,3.7,No
47,Female,Bangalore,136490,96,1.4,Yes
36,Female,Chennai,96441,42,9.6,Yes
34,Female,Hyderabad,66121,41,8.2,Yes
36,Female,Chennai,147386,77,4.9,Yes
45,Female,Hyderabad,101418,69,2.6,Yes
43,Male,Bangalore,80197,10,9.4,Yes
54,Male,Delhi,104577,10,3.8,Yes
43,Female,Bangalore,114634,91,2.0,Yes
40,Female,Delhi,138034,60,5.9,Yes
26,Female,Delhi,62431,51,9.5,Yes
29,Male,Chennai,137637,21,0.5,No
18,Male,Bangalore,119245,8,2.8,No
18,Female,Hyderabad,120211,65,9.4,Yes
64,Male,Bangalore,24837,92,2.1,No
51,Male,Chennai,131984,78,1.6,Yes
49,Female,Delhi,110025,85,5.9,Yes
42,Male,Chennai,103163,30,8.7,Yes
57,Male,Mumbai,91232,85,5.0,Yes
62,Female,Mumbai,68994,49,9.9,Yes
18,Male,Hyderabad,99079,9,7.0,Yes
33,Male,Chennai,32615,17,1.2,No
56,Female,Hyderabad,21466,69,9.9,Yes
22,Male,Hyderabad,50771,58,4.4,Yes
39,Male,Mumbai,138645,57,3.2,Yes
46,Female,Hyderabad,103886,62,5.8,Yes
20,Female,Mumbai,85911,95,3.4,Yes
29,Female,Delhi,118566,52,1.3,Yes
43,Male,Chennai,40746,61,0.5,No
33,Female,Hyderabad,108422,40,4.8,Yes
54,Male,Mumbai,129884,38,8.5,Yes
39,Female,Bangalore,80739,43,5.9,Yes
46,Male,Hyderabad,128440,63,10.0,Yes
31,Female,Delhi,118187,19,3.2,Yes
45,Female,Delhi,93369,50,3.2,No
22,Female,Bangalore,21893,33,2.0,No
64,Female,Mumbai,50573,13,2.1,No
47,Male,Hyderabad,116907,78,3.2,Yes
63,Female,Mumbai,60874,97,8.0,Yes
22,Female,Delhi,97362,62,9.1,Yes
29,Male,Mumbai,119956,93,9.8,Yes
33,Female,Delhi,107460,43,2.7,No
43,Male,Mumbai,147021,49,8.9,Yes
43,Female,Bangalore,138580,36,3.6,Yes
38,Female,Chennai,53367,10,1.6,No
56,Female,Bangalore,41199,95,8.8,Yes
53,Male,Bangalore,136600,6,6.5,Yes
50,Female,Chennai,111404,57,2.1,Yes
47,Female,Chennai,94328,1,4.6,Yes
54,Female,Hyderabad,77724,71,3.2,Yes
40,Male,Hyderabad,106133,58,7.5,Yes
27,Male,Bangalore,56405,91,4.8,Yes
22,Female,Bangalore,118232,21,9.9,Yes
53,Male,Delhi,128659,92,1.0,Yes
51,Female,Delhi,35989,80,3.9,Yes
48,Female,Hyderabad,48931,56,5.1,Yes
27,Female,Hyderabad,29290,87,5.3,Yes
36,Female,Delhi,58367,20,3.5,No
49,Female,Delhi,141136,54,7.4,Yes
18,Female,Mumbai,99878,25,8.8,Yes
22,Female,Mumbai,110477,28,9.4,Yes
62,Male,Delhi,99481,5,8.1,Yes
21,Male,Mumbai,96298,21,8.6,Yes
33,Male,Chennai,146299,18,5.7,Yes
41,Male,Hyderabad,50133,47,8.3,No
33,Male,Hyderabad,132616,70,3.4,Yes
19,Male,Delhi,125686,57,4.3,Yes
45,Male,Bangalore,47052,93,3.5,Yes
49,Female,Delhi,127286,19,4.9,Yes
44,Female,Mumbai,105489,97,3.2,Yes
37,Female,Bangalore,60475,65,9.6,Yes
41,Female,Mumbai,102666,3,3.5,Yes
29,Male,Chennai,116622,42,1.4,No
52,Male,Mumbai,77656,21,5.5,Yes
50,Female,Chennai,24633,99,1.0,No
50,Female,Chennai,37304,40,1.6,No
60,Male,Mumbai,127573,67,2.6,Yes
54,Female,Mumbai,117820,25,4.9,Yes
29,Female,Chennai,66546,55,4.6,Yes
20,Female,Bangalore,27008,84,8.1,Yes
18,Female,Chennai,68291,52,7.5,Yes
50,Male,Hyderabad,47405,44,4.6,No
57,Female,Chennai,137069,98,3.7,No
27,Female,Bangalore,56386,85,3.5,Yes
60,Male,Hyderabad,110909,56,7.9,Yes
61,Male,Delhi,40827,55,1.0,No
46,Female,Delhi,53040,87,0.6,No
30,Male,Bangalore,80354,70,8.1,Yes
29,Female,Chennai,98543,77,5.0,Yes
48,Female,Mumbai,38157,87,1.7,No
63,Male,Bangalore,117693,73,2.7,Yes
19,Female,Hyderabad,55315,81,9.4,Yes
52,Female,Hyderabad,55932,66,8.7,Yes
40,Female,Delhi,41164,19,7.2,No
34,Female,Hyderabad,34414,83,5.1,Yes
43,Male,Bangalore,147597,7,5.4,Yes
25,Male,Hyderabad,34327,63,9.8,Yes
46,Female,Bangalore,133880,42,9.7,Yes
43,Male,Mumbai,20946,42,2.5,No
27,Female,Delhi,34693,59,8.2,Yes
43,Female,Hyderabad,47241,20,2.4,No
51,Female,Bangalore,135194,73,2.5,Yes
58,Female,Chennai,115790,17,6.9,Yes
24,Female,Delhi,35540,27,4.3,No
21,Male,Mumbai,92255,47,9.3,Yes
62,Female,Bangalore,84757,2,1.3,No
28,Male,Mumbai,61203,63,5.4,Yes
46,Male,Mumbai,45081,62,9.2,Yes
53,Female,Hyderabad,81861,19,9.1,Yes
42,Female,Hyderabad,31350,17,2.0,Yes
38,Female,Bangalore,75512,69,4.0,Yes
53,Female,Chennai,76809,39,6.4,Yes
27,Female,Bangalore,121894,82,2.0,Yes
54,Male,Chennai,117557,71,9.7,No
26,Female,Mumbai,62832,81,9.2,Yes
41,Female,Delhi,48369,39,2.1,No
52,Male,Bangalore,51728,36,1.7,No
52,Male,Bangalore,37576,40,1.3,No
53,Female,Chennai,49001,45,9.1,Yes
35,Male,Mumbai,147625,4,2.3,No
56,Female,Mumbai,103384,25,4.5,Yes
49,Male,Chennai,20390,69,4.8,Yes
41,Male,Mumbai,107535,30,6.2,Yes
40,Female,Hyderabad,65436,76,1.2,No
49,Male,Delhi,31569,68,2.7,No
54,Male,Bangalore,33029,88,9.3,Yes
29,Male,Delhi,42490,29,9.1,Yes
30,Male,Bangalore,65875,73,7.9,Yes
40,Male,Hyderabad,143552,68,0.7,Yes
42,Male,Mumbai,120864,51,3.6,Yes
52,Female,Chennai,25867,24,6.5,No
58,Female,Hyderabad,100820,14,3.1,Yes
47,Male,Delhi,119515,69,9.1,Yes
34,Female,Chennai,29121,18,6.5,No
37,Female,Mumbai,21539,42,1.2,No
42,Female,Hyderabad,111024,57,9.1,Yes
39,Male,Chennai,37027,83,9.6,Yes
30,Female,Hyderabad,147402,12,1.2,No
36,Male,Hyderabad,94229,82,5.6,No
53,Female,Mumbai,28921,17,3.4,No
29,Male,Bangalore,70435,30,4.2,Yes
58,Male,Chennai,142368,88,2.2,Yes
36,Female,Mumbai,30310,75,6.0,Yes
29,Female,Hyderabad,83965,99,9.6,Yes
26,Male,Mumbai,142033,23,5.3,Yes
24,Female,Bangalore,131048,81,1.3,Yes
45,Female,Chennai,116444,1,6.4,Yes
31,Female,Bangalore,89922,79,3.7,No
48,Male,Delhi,117799,32,8.6,Yes
36,Male,Chennai,113948,9,4.6,Yes
64,Female,Bangalore,102839,15,2.3,No
33,Female,Hyderabad,32242,28,2.3,No
22,Female,Chennai,137027,24,7.8,Yes
52,Male,Chennai,132561,60,3.0,Yes
29,Male,Mumbai,28947,35,7.8,No
42,Female,Hyderabad,132250,86,2.5,Yes
38,Female,Delhi,91466,27,3.6,No
53,Female,Bangalore,123706,83,4.9,Yes
40,Female,Mumbai,140351,76,9.5,Yes
33,Female,Bangalore,144749,20,9.4,Yes
56,Female,Delhi,81816,65,2.5,Yes
62,Male,Delhi,68785,85,3.9,Yes
59,Female,Chennai,139963,49,1.9,No
56,Male,Delhi,20507,1,5.3,No
31,Female,Bangalore,86972,10,4.9,Yes
48,Female,Hyderabad,47151,47,9.1,No
22,Male,Hyderabad,31618,59,9.3,Yes
52,Male,Chennai,94286,96,4.1,Yes
40,Male,Bangalore,36122,62,5.2,No
46,Male,Bangalore,27354,86,9.0,Yes
60,Female,Delhi,129598,18,8.2,Yes
28,Male,Bangalore,50979,46,0.5,No
35,Female,Mumbai,106436,32,3.5,Yes
64,Male,Delhi,99376,27,4.5,Yes
29,Female,Mumbai,72774,92,2.7,Yes
26,Female,Chennai,122703,18,2.4,No
27,Female,Hyderabad,25037,39,0.9,No
61,Female,Chennai,48633,49,6.6,No
34,Female,Hyderabad,44495,93,3.0,No
55,Female,Chennai,84550,82,1.0,Yes
24,Male,Bangalore,101384,44,2.7,No
63,Female,Mumbai,56483,72,8.1,Yes
30,Male,Hyderabad,133181,54,8.6,Yes
57,Male,Delhi,93373,95,5.1,Yes
59,Female,Mumbai,54069,34,4.5,No
26,Male,Delhi,27370,71,9.8,Yes
44,Female,Mumbai,139873,36,2.4,No
19,Male,Mumbai,136843,18,2.5,No
22,Female,Chennai,91947,38,3.3,Yes
46,Male,Hyderabad,59133,59,2.1,No
54,Female,Hyderabad,116035,9,4.1,Yes
55,Female,Mumbai,115761,73,9.2,Yes
36,Female,Bangalore,133753,72,6.3,Yes
25,Female,Bangalore,20692,51,4.4,Yes
62,Male,Delhi,48926,35,9.4,No
18,Female,Delhi,119782,82,1.0,No
39,Male,Chennai,124700,5,2.5,No
34,Male,Mumbai,93984,14,5.9,Yes
24,Male,Delhi,63390,92,6.3,Yes
42,Female,Delhi,69593,30,0.9,No
62,Male,Mumbai,95609,4,4.3,Yes
21,Male,Chennai,120950,39,6.7,Yes
53,Male,Delhi,25209,84,7.1,Yes
23,Female,Chennai,146700,64,6.6,Yes
48,Female,Hyderabad,26533,25,3.5,No
36,Male,Chennai,106597,28,1.4,No
61,Female,Bangalore,27211,76,4.6,Yes
56,Female,Bangalore,29927,66,1.7,No
44,Male,Chennai,97463,78,9.5,Yes
27,Male,Bangalore,137333,22,5.0,Yes
43,Female,Hyderabad,44594,31,3.5,No
36,Male,Mumbai,94852,23,7.8,Yes
56,Female,Bangalore,97713,48,5.2,Yes
20,Female,Bangalore,96382,20,3.4,Yes
62,Female,Chennai,27933,38,8.2,No
30,Female,Hyderabad,123780,55,8.7,Yes
45,Female,Mumbai,132157,68,6.9,Yes
37,Female,Chennai,60696,79,0.9,Yes
45,Male,Chennai,85449,88,5.9,Yes
25,Male,Hyderabad,87616,89,7.8,Yes
58,Female,Mumbai,26089,1,1.8,No
56,Female,Hyderabad,76548,7,2.7,No
18,Female,Mumbai,46123,57,8.9,Yes
20,Male,Hyderabad,27797,95,0.7,No
30,Female,Chennai,70013,12,7.7,Yes
45,Male,Chennai,28346,5,5.0,No
42,Female,Delhi,105414,50,4.7,No
50,Female,Bangalore,53672,42,0.6,No
55,Male,Hyderabad,37653,12,8.3,No
23,Male,Delhi,69556,18,3.9,Yes
61,Female,Bangalore,143723,66,5.6,Yes
62,Female,Hyderabad,128278,74,6.9,Yes
49,Female,Mumbai,46140,79,7.2,Yes
62,Male,Bangalore,21184,94,9.6,Yes
64,Male,Chennai,143626,17,5.5,Yes
38,Male,Delhi,54493,68,4.3,Yes
33,Male,Bangalore,64148,71,9.6,Yes
38,Male,Bangalore,44846,62,6.6,No
28,Male,Chennai,131361,41,3.3,Yes
54,Female,Hyderabad,42195,95,1.7,No
53,Female,Mumbai,25606,34,8.5,No
52,Male,Chennai,23956,70,3.9,Yes
36,Female,Mumbai,36555,45,6.8,No
37,Female,Hyderabad,110385,58,5.0,Yes
35,Male,Bangalore,38690,51,2.4,No
64,Female,Mumbai,78502,34,6.2,Yes
58,Male,Delhi,144586,44,1.1,No
31,Male,Delhi,68849,15,4.4,Yes
32,Female,Chennai,46347,78,5.7,Yes
48,Male,Hyderabad,118725,70,4.6,Yes
18,Male,Chennai,123844,50,7.6,Yes
20,Male,Chennai,111321,32,8.4,Yes
33,Male,Chennai,69056,67,7.8,Yes
40,Male,Delhi,83851,3,0.9,No
28,Male,Delhi,118234,86,2.3,Yes
29,Male,Chennai,101502,86,5.6,Yes
27,Male,Delhi,116633,74,9.4,Yes
49,Female,Hyderabad,101418,51,8.4,Yes
33,Female,Chennai,90211,67,8.5,No
25,Female,Delhi,61850,76,3.4,Yes
55,Male,Mumbai,98545,93,4.6,Yes
29,Male,Chennai,47843,48,5.0,No
41,Female,Chennai,82320,17,2.0,No
45,Female,Hyderabad,49793,7,0.8,No
25,Female,Bangalore,59516,13,9.5,No
45,Male,Bangalore,124407,66,2.8,Yes
53,Female,Hyderabad,149045,4,2.8,No
43,Female,Hyderabad,37857,10,1.3,No
25,Male,Hyderabad,39627,88,9.3,Yes
45,Female,Bangalore,81822,17,6.0,Yes
45,Male,Hyderabad,104101,52,6.8,Yes
54,Male,Delhi,111561,6,9.2,Yes
58,Male,Chennai,72248,83,3.8,Yes
53,Female,Chennai,75798,69,6.4,Yes
44,Female,Mumbai,113368,96,0.9,Yes
34,Male,Mumbai,64116,74,2.3,Yes
26,Female,Chennai,95318,9,8.4,Yes
50,Female,Delhi,124186,91,7.8,Yes
37,Female,Bangalore,147119,77,3.8,Yes
30,Female,Bangalore,107902,83,4.1,Yes
45,Male,Delhi,48557,21,5.6,No
46,Female,Bangalore,91334,24,0.5,No
30,Male,Hyderabad,95163,4,2.8,No
63,Male,Chennai,126719,24,2.5,No
52,Female,Chennai,143099,59,2.9,Yes
23,Male,Delhi,98002,99,8.2,Yes
35,Female,Bangalore,62614,3,3.2,Yes
22,Female,Mumbai,32720,68,2.3,No
64,Male,Mumbai,77608,40,5.3,Yes
42,Male,Bangalore,127449,48,8.7,Yes
19,Male,Mumbai,122828,54,2.8,Yes
27,Male,Delhi,146613,35,1.2,No
47,Female,Delhi,92095,95,3.9,No
62,Female,Bangalore,125924,56,7.6,Yes
22,Female,Mumbai,104694,89,5.7,Yes
50,Male,Delhi,116452,40,8.3,Yes
18,Male,Delhi,107593,77,9.6,Yes
35,Male,Hyderabad,55892,68,8.0,Yes
49,Female,Hyderabad,126975,46,6.2,Yes
64,Male,Delhi,97242,78,5.2,Yes
28,Female,Bangalore,136041,13,0.9,No
38,Male,Chennai,146202,27,9.9,Yes
43,Female,Chennai,97606,6,4.1,Yes
42,Female,Delhi,143769,17,1.9,No
39,Male,Delhi,138542,36,6.8,Yes
44,Male,Delhi,126438,99,3.2,Yes
30,Female,Bangalore,20924,81,6.1,Yes
50,Female,Hyderabad,71322,2,6.1,Yes
51,Male,Delhi,46478,77,4.7,Yes
58,Male,Delhi,91042,52,8.4,Yes
52,Female,Mumbai,66418,66,3.0,Yes
18,Male,Bangalore,82217,52,4.8,Yes
38,Female,Delhi,120699,92,5.6,Yes
23,Female,Mumbai,110140,43,6.8,Yes
45,Male,Chennai,100846,90,7.9,Yes
34,Male,Delhi,93762,22,4.3,Yes
22,Male,Delhi,31781,55,6.6,Yes
48,Male,Mumbai,25515,67,1.9,No
22,Male,Bangalore,137358,99,9.4,Yes
55,Female,Delhi,56133,60,4.1,No
20,Female,Chennai,102508,58,7.4,Yes
40,Male,Delhi,117628,12,0.7,No
54,Male,Chennai,96946,88,2.4,Yes
54,Male,Hyderabad,105058,69,5.1,Yes
27,Female,Hyderabad,29095,84,8.8,Yes
27,Male,Chennai,108583,39,5.5,Yes
36,Male,Bangalore,40470,13,9.3,Yes
34,Female,Delhi,63129,41,5.1,Yes
38,Female,Delhi,28531,57,5.2,Yes
31,Male,Hyderabad,57038,53,1.6,No
26,Male,Chennai,107939,12,8.1,Yes
63,Male,Delhi,62674,13,2.8,No
18,Female,Delhi,147572,74,9.0,Yes
62,Male,Bangalore,114658,97,9.2,Yes
30,Male,Mumbai,102476,57,9.5,Yes
21,Male,Hyderabad,49831,40,5.4,No
18,Female,Hyderabad,77174,80,6.9,Yes
57,Female,Mumbai,31279,45,7.9,No
49,Male,Delhi,58220,35,1.7,No
51,Male,Bangalore,80610,3,6.2,Yes
45,Female,Bangalore,72719,5,0.8,No
48,Female,Hyderabad,144936,90,5.2,Yes
25,Female,Bangalore,73051,11,2.0,Yes
56,Female,Mumbai,92013,71,2.2,Yes
43,Female,Delhi,76652,56,4.0,Yes
51,Female,Mumbai,85524,10,4.6,Yes
20,Female,Chennai,102936,34,6.4,Yes
29,Female,Hyderabad,26470,67,1.2,No
18,Female,Bangalore,87598,72,5.3,Yes
61,Male,Chennai,61798,31,2.2,No
22,Male,Bangalore,144517,75,6.0,Yes
47,Male,Delhi,73473,71,6.6,Yes
47,Female,Delhi,39880,66,5.8,Yes
34,Male,Delhi,120117,70,7.5,Yes
64,Female,Bangalore,64439,41,3.7,Yes
40,Female,Chennai,140944,63,7.8,Yes
32,Male,Delhi,34308,32,4.6,No
54,Female,Chennai,111563,20,5.1,Yes
38,Male,Bangalore,116256,57,6.7,Yes
31,Male,Chennai,55081,98,0.7,No
19,Male,Bangalore,95242,50,6.7,Yes
28,Female,Bangalore,70383,80,6.4,Yes
56,Male,Hyderabad,29837,25,3.4,No
55,Female,Bangalore,124135,12,1.3,No
51,Male,Bangalore,72151,71,1.4,Yes
55,Male,Mumbai,138128,39,9.3,Yes
51,Male,Delhi,56824,17,7.0,No
35,Female,Hyderabad,53073,45,1.7,No
47,Female,Hyderabad,132651,11,3.9,Yes
32,Female,Hyderabad,117624,70,6.1,Yes
44,Male,Mumbai,113648,23,8.4,Yes
51,Male,Bangalore,46299,91,0.9,No
55,Female,Delhi,119993,70,2.7,Yes
50,Female,Chennai,78861,38,9.0,Yes
41,Female,Bangalore,50063,2,0.6,No
32,Female,Mumbai,89453,86,2.4,Yes
47,Female,Bangalore,141768,84,9.6,Yes
59,Female,Bangalore,143299,89,6.3,Yes
34,Male,Mumbai,88472,79,3.0,Yes
22,Female,Hyderabad,122166,93,1.1,Yes
46,Male,Hyderabad,34506,72,0.8,No
21,Male,Delhi,114341,37,2.8,No
27,Female,Delhi,99854,49,8.9,Yes
34,Female,Hyderabad,133604,52,4.5,Yes
27,Male,Chennai,46026,33,7.3,No
34,Female,Bangalore,47672,22,9.2,No
37,Female,Chennai,58417,5,4.4,No
41,Male,Bangalore,72413,18,2.3,No
22,Male,Hyderabad,144044,38,5.4,Yes
51,Male,Delhi,85066,37,9.1,Yes
23,Female,Delhi,79213,94,8.1,Yes
19,Male,Chennai,70971,95,1.1,Yes
30,Female,Delhi,47281,64,7.1,Yes
60,Male,Hyderabad,133978,10,5.9,Yes
60,Male,Chennai,48091,79,9.1,Yes
28,Male,Bangalore,70494,42,1.7,No
64,Female,Delhi,123864,48,5.6,Yes
40,Female,Mumbai,133755,44,8.9,Yes
33,Male,Delhi,38610,82,4.4,Yes
48,Male,Bangalore,21079,87,5.1,Yes
28,Male,Chennai,115386,97,1.2,Yes
33,Female,Bangalore,66751,16,3.1,Yes
25,Male,Mumbai,106126,54,3.6,Yes
21,Female,Hyderabad,75432,35,9.5,Yes
57,Male,Delhi,50951,98,3.2,Yes
21,Male,Chennai,100863,28,4.9,Yes
42,Male,Hyderabad,98291,2,6.9,Yes
20,Male,Bangalore,145659,94,2.0,Yes
49,Male,Chennai,79872,13,5.1,Yes
20,Male,Hyderabad,27235,41,7.5,No
44,Female,Chennai,102733,80,8.7,Yes
46,Male,Mumbai,82712,59,6.4,Yes
49,Female,Mumbai,41473,69,6.9,Yes
36,Male,Delhi,87567,92,1.7,Yes
38,Male,Delhi,126818,53,9.5,Yes
22,Female,Mumbai,145849,45,1.8,No
35,Male,Chennai,127399,20,7.9,Yes
45,Female,Mumbai,144421,24,3.0,No
59,Female,Delhi,99823,61,9.4,Yes
39,Male,Mumbai,124215,91,7.3,Yes
38,Female,Mumbai,129999,94,7.7,Yes
23,Female,Chennai,52230,58,2.6,No
18,Male,Hyderabad,104573,27,4.7,Yes
22,Female,Delhi,112588,26,6.4,Yes
58,Male,Chennai,88876,7,7.8,Yes
29,Male,Mumbai,60644,42,1.5,No
43,Male,Mumbai,68664,47,9.6,Yes
63,Male,Hyderabad,65203,53,9.0,Yes
51,Female,Delhi,86677,59,3.1,Yes
31,Male,Delhi,45425,38,8.3,No
43,Male,Bangalore,143246,69,5.4,Yes
62,Female,Delhi,104817,87,4.9,Yes
44,Male,Hyderabad,127585,92,3.5,Yes
26,Male,Bangalore,105961,98,6.0,Yes
43,Female,Bangalore,120342,53,7.4,Yes
64,Female,Mumbai,145740,15,4.4,Yes
39,Female,Mumbai,117649,96,6.5,Yes
64,Female,Delhi,89806,26,7.1,Yes
47,Female,Bangalore,62814,48,7.3,Yes
60,Female,Mumbai,90219,95,1.0,Yes
34,Female,Hyderabad,69646,19,8.7,Yes
43,Male,Mumbai,59884,9,4.9,No
53,Female,Mumbai,115345,64,3.0,Yes
18,Female,Bangalore,146062,93,2.8,Yes
25,Female,Bangalore,120088,54,5.1,Yes
52,Male,Chennai,138198,51,8.9,Yes
32,Male,Hyderabad,89322,39,4.1,No
64,Female,Bangalore,41650,4,7.6,No
39,Female,Delhi,114242,3,1.4,No
31,Female,Hyderabad,29190,64,5.0,Yes
43,Male,Hyderabad,58196,29,9.9,No
45,Male,Bangalore,59449,11,7.8,No
40,Female,Hyderabad,59661,97,2.5,No
31,Male,Bangalore,49709,58,5.3,No
41,Female,Mumbai,130965,75,2.7,Yes
19,Male,Chennai,100428,27,4.4,Yes
62,Male,Mumbai,95179,97,7.9,Yes
43,Female,Bangalore,29943,21,7.8,No
31,Female,Bangalore,63240,39,2.7,No
24,Female,Mumbai,65760,95,9.3,Yes
20,Female,Delhi,41042,46,6.1,No
64,Male,Delhi,141770,66,4.1,No
40,Male,Delhi,63894,91,5.3,Yes
63,Male,Bangalore,26869,36,6.2,No
60,Female,Hyderabad,81078,75,5.8,Yes
64,Male,Bangalore,76759,82,5.1,No
62,Female,Hyderabad,125973,65,5.3,Yes
35,Male,Mumbai,64306,63,2.2,Yes
55,Female,Chennai,128369,99,8.2,Yes
52,Female,Hyderabad,75371,35,5.6,Yes
32,Male,Delhi,40918,31,1.7,No
42,Female,Bangalore,48379,28,7.8,No
54,Female,Mumbai,140667,1,9.4,Yes
45,Male,Delhi,128475,25,9.5,Yes
27,Female,Mumbai,110810,43,4.0,Yes
56,Female,Chennai,103232,84,1.8,Yes
34,Female,Bangalore,22962,67,5.4,Yes
56,Male,Bangalore,33851,63,1.6,No
39,Male,Chennai,137626,51,9.4,Yes
43,Female,Bangalore,65747,2,2.2,No
61,Male,Hyderabad,145180,82,2.9,Yes
42,Female,Mumbai,72349,64,4.4,Yes
34,Female,Delhi,90832,74,4.1,Yes
30,Female,Chennai,76356,69,8.0,Yes
37,Female,Hyderabad,34745,9,4.8,No
42,Female,Delhi,25730,2,2.1,No
21,Male,Delhi,33921,34,3.0,No
27,Female,Chennai,118430,60,5.3,Yes
20,Male,Hyderabad,91138,61,1.9,No
58,Male,Delhi,103111,31,6.3,Yes
62,Female,Delhi,39023,10,5.9,No
35,Female,Hyderabad,65349,76,7.3,Yes
64,Male,Bangalore,146796,36,9.4,Yes
53,Male,Delhi,101533,85,9.2,Yes
64,Male,Mumbai,103286,49,9.5,Yes
39,Female,Hyderabad,61979,70,2.8,Yes
51,Male,Delhi,42837,49,1.7,No
64,Female,Chennai,34997,3,3.4,No
25,Female,Mumbai,124975,74,9.0,Yes
57,Female,Delhi,108603,5,9.7,Yes
61,Male,Mumbai,65039,90,8.7,Yes
36,Female,Mumbai,147394,61,1.5,Yes
59,Female,Bangalore,40923,85,9.5,Yes
58,Female,Mumbai,28876,90,4.5,Yes
54,Female,Bangalore,80973,26,0.6,No
23,Female,Hyderabad,22887,72,4.7,Yes
43,Male,Bangalore,83723,5,0.9,No
51,Female,Chennai,62422,15,5.7,Yes
62,Female,Delhi,122390,16,3.7,Yes
23,Male,Hyderabad,71413,1,5.0,Yes
54,Female,Hyderabad,122484,16,6.3,No
50,Male,Chennai,22841,37,8.8,No
39,Female,Bangalore,144647,3,6.8,Yes
38,Male,Delhi,48756,52,4.6,Yes
23,Male,Bangalore,91576,47,8.3,Yes
23,Female,Mumbai,138248,95,9.1,Yes
21,Female,Bangalore,30304,13,1.6,No
47,Female,Hyderabad,50341,80,5.6,Yes
28,Male,Delhi,24758,55,3.2,Yes
47,Male,Bangalore,37010,21,0.9,No
48,Male,Delhi,147039,66,6.9,Yes
41,Female,Delhi,80758,54,8.7,Yes
26,Male,Mumbai,51658,27,2.0,No
20,Male,Mumbai,69002,38,8.2,Yes
48,Female,Hyderabad,123318,90,8.6,No
57,Male,Chennai,21375,58,9.2,Yes
54,Male,Delhi,119485,62,3.0,Yes
53,Female,Chennai,42092,46,9.1,No
41,Male,Hyderabad,20490,89,3.5,Yes
48,Female,Delhi,23729,11,5.7,No
23,Female,Delhi,25974,72,1.0,No
19,Female,Chennai,138222,8,0.9,No
37,Female,Bangalore,105216,97,7.3,Yes
45,Female,Mumbai,103860,71,4.7,Yes
28,Male,Bangalore,147288,64,2.9,Yes
21,Male,Chennai,116870,21,2.3,No
32,Female,Mumbai,41398,72,6.9,Yes
23,Female,Bangalore,54650,63,0.5,No
47,Male,Mumbai,41292,85,8.2,Yes
55,Female,Delhi,121291,64,1.3,No
19,Female,Bangalore,123889,20,2.3,No
32,Female,Mumbai,23159,8,4.2,No
28,Male,Mumbai,118162,58,5.1,Yes
25,Male,Mumbai,82766,46,3.9,Yes
43,Female,Bangalore,114887,31,3.5,Yes
62,Female,Hyderabad,122834,93,9.7,Yes
61,Male,Bangalore,37065,9,6.6,No
22,Male,Chennai,41638,15,0.7,No
23,Female,Bangalore,21073,94,4.6,Yes
43,Female,Mumbai,66511,26,8.8,Yes
21,Male,Delhi,104307,10,3.4,Yes
36,Male,Bangalore,145274,29,1.4,No
37,Male,Bangalore,120997,80,7.7,No
50,Female,Mumbai,127866,36,6.3,Yes
37,Male,Delhi,49320,84,5.9,Yes
29,Female,Delhi,89876,37,1.0,No
64,Male,Chennai,54924,86,1.8,No
18,Male,Bangalore,101720,71,6.4,Yes
43,Male,Delhi,60734,23,2.5,No
31,Male,Delhi,88116,41,5.3,Yes
55,Female,Hyderabad,60025,93,5.7,Yes
54,Female,Hyderabad,114503,80,3.2,Yes
28,Male,Delhi,22159,28,9.5,No
53,Female,Chennai,68940,48,8.5,Yes
30,Male,Delhi,99436,38,7.4,Yes
60,Male,Mumbai,96976,31,1.2,No
20,Male,Bangalore,34678,14,1.5,No
50,Male,Chennai,81075,97,5.2,Yes
23,Female,Mumbai,67204,73,2.0,Yes
27,Male,Chennai,32021,91,9.8,Yes
22,Male,Mumbai,26772,88,2.0,No
40,Female,Bangalore,87163,77,5.1,Yes
27,Male,Bangalore,129968,90,4.0,Yes
61,Male,Hyderabad,93755,29,6.6,Yes
19,Male,Mumbai,43464,51,1.7,No
30,Female,Hyderabad,71137,49,4.6,Yes
57,Male,Mumbai,50232,43,3.1,No
19,Female,Hyderabad,81497,92,8.9,Yes
37,Male,Bangalore,128017,92,0.9,Yes
18,Male,Chennai,94024,72,9.2,Yes
54,Female,Hyderabad,120485,87,8.4,Yes
26,Male,Mumbai,129898,93,3.3,Yes
34,Male,Mumbai,71448,5,8.0,Yes
26,Female,Bangalore,125468,42,0.8,No
28,Female,Mumbai,104517,7,9.7,Yes
32,Female,Delhi,20901,42,5.5,No
41,Female,Chennai,107980,36,3.4,Yes
55,Female,Hyderabad,127594,27,3.9,Yes
52,Male,Chennai,103597,58,1.1,Yes
47,Female,Bangalore,22881,46,9.9,No
48,Male,Hyderabad,49863,66,0.9,No
22,Male,Hyderabad,131362,25,6.7,Yes
61,Male,Delhi,25622,73,4.7,Yes
31,Female,Bangalore,142740,27,9.5,Yes
28,Female,Mumbai,21378,1,2.8,No
26,Male,Delhi,103168,87,5.6,Yes
51,Female,Delhi,113847,74,5.1,Yes
29,Female,Chennai,91186,42,7.2,Yes
52,Female,Chennai,65201,52,1.1,Yes
52,Female,Chennai,140767,25,2.3,No
18,Male,Delhi,127760,54,2.5,Yes
57,Male,Mumbai,79251,67,7.5,Yes
39,Female,Hyderabad,92572,6,2.3,No
46,Male,Chennai,59255,58,5.9,Yes
25,Female,Mumbai,83212,70,2.5,Yes
28,Female,Bangalore,70210,53,8.7,Yes
58,Male,Chennai,145629,66,9.5,Yes
54,Male,Hyderabad,136736,58,5.4,Yes
31,Male,Bangalore,42499,82,3.8,Yes
47,Female,Bangalore,122552,87,2.7,Yes
52,Male,Hyderabad,71628,2,1.0,No
38,Female,Chennai,81360,76,3.1,Yes
54,Male,Delhi,24603,22,6.7,No
22,Male,Hyderabad,113309,37,5.6,Yes
36,Female,Hyderabad,147466,20,9.5,Yes
31,Female,Hyderabad,105473,24,4.3,Yes
43,Female,Bangalore,32632,84,7.1,Yes
21,Female,Mumbai,50607,65,5.1,Yes
42,Female,Delhi,111873,65,5.4,Yes
62,Female,Chennai,85756,81,3.0,Yes
59,Female,Chennai,66994,1,4.8,Yes
42,Female,Mumbai,83382,94,5.0,Yes
35,Male,Hyderabad,90354,3,7.2,Yes
57,Female,Delhi,76344,46,9.4,Yes
25,Female,Chennai,73775,55,3.6,Yes
56,Male,Chennai,27349,75,0.9,No
57,Female,Hyderabad,91154,88,5.2,Yes
31,Male,Mumbai,47464,86,5.7,Yes
49,Male,Delhi,62624,64,2.1,Yes
55,Female,Mumbai,141897,45,7.7,Yes
50,Male,Mumbai,146866,26,9.9,Yes
40,Female,Delhi,57344,77,9.5,Yes
32,Male,Delhi,145857,65,2.4,Yes
50,Male,Chennai,103791,24,8.8,Yes
42,Male,Chennai,44299,74,7.2,Yes
34,Female,Delhi,67975,35,4.8,Yes
50,Female,Bangalore,21462,24,5.6,No
64,Male,Chennai,140209,28,8.6,Yes
19,Male,Bangalore,101441,80,5.1,Yes
31,Female,Delhi,110456,16,4.0,Yes
57,Female,Chennai,101788,59,5.2,Yes
57,Male,Mumbai,126540,81,6.0,Yes
56,Male,Delhi,60581,54,2.3,Yes
23,Female,Hyderabad,120372,79,9.1,Yes
23,Female,Bangalore,91289,16,6.9,Yes
20,Female,Delhi,125541,15,6.5,Yes
24,Female,Delhi,34175,98,1.4,No
25,Female,Chennai,141704,11,6.2,Yes
59,Male,Chennai,26191,65,1.6,No
32,Female,Chennai,103434,79,1.2,Yes
64,Male,Hyderabad,104518,90,5.5,Yes
46,Female,Chennai,100158,68,4.3,Yes
50,Male,Delhi,86537,43,6.1,Yes
47,Female,Chennai,135721,69,1.3,Yes
56,Female,Mumbai,67645,99,4.6,No
44,Male,Chennai,128536,13,2.2,No
53,Male,Hyderabad,43283,10,9.9,No
46,Female,Mumbai,143153,75,5.8,Yes
55,Female,Delhi,106971,82,7.0,Yes
50,Female,Delhi,112759,98,3.6,Yes
54,Female,Bangalore,79123,41,1.4,No
44,Female,Mumbai,122780,50,9.8,Yes
50,Male,Bangalore,50024,87,3.2,Yes
21,Male,Mumbai,69630,71,4.5,Yes
39,Female,Mumbai,50734,59,6.7,Yes
19,Male,Hyderabad,20515,39,0.7,No
27,Male,Bangalore,130782,3,8.2,Yes
22,Male,Hyderabad,86727,76,5.6,Yes
27,Female,Mumbai,117800,7,3.1,Yes
50,Male,Delhi,129164,49,1.1,Yes
55,Female,Mumbai,66216,26,2.0,Yes
30,Male,Hyderabad,91833,33,9.0,Yes
48,Female,Bangalore,78755,48,7.0,Yes
64,Male,Bangalore,47856,79,2.9,Yes
53,Female,Hyderabad,134959,2,1.1,No
62,Female,Bangalore,93870,71,7.1,Yes
41,Male,Chennai,44162,32,5.9,No
32,Female,Delhi,26008,4,4.3,No
46,Female,Delhi,27987,20,4.0,No
25,Female,Delhi,82532,36,2.6,No
22,Female,Bangalore,116502,32,6.9,Yes
46,Female,Bangalore,23332,28,9.7,No
64,Female,Mumbai,86323,77,2.2,Yes
21,Female,Mumbai,58990,1,6.2,No
29,Female,Delhi,29873,60,4.5,Yes
62,Male,Chennai,102542,56,4.7,Yes
19,Male,Mumbai,105761,35,2.9,No
44,Female,Mumbai,56444,30,8.3,No
48,Female,Bangalore,55340,54,5.1,Yes
53,Male,Chennai,125219,36,5.7,Yes
53,Male,Delhi,25033,55,3.4,Yes
43,Male,Mumbai,93324,89,2.2,Yes
60,Female,Chennai,35689,80,1.3,No
44,Male,Chennai,129756,58,7.3,Yes
22,Female,Delhi,107134,83,2.4,Yes
37,Female,Chennai,123016,65,7.1,Yes
28,Male,Chennai,115239,69,4.2,Yes
27,Female,Chennai,20066,51,4.4,Yes
57,Female,Mumbai,134159,22,5.0,Yes
55,Female,Delhi,65246,88,4.0,Yes
23,Female,Chennai,27533,53,1.5,No
25,Male,Chennai,100639,36,3.4,Yes
40,Male,Mumbai,90152,68,6.8,Yes
64,Female,Delhi,131581,36,6.8,Yes
43,Female,Bangalore,135828,52,3.2,Yes
63,Male,Mumbai,79658,53,4.9,Yes
60,Female,Delhi,58498,82,2.3,No
29,Male,Chennai,129028,50,2.5,No
43,Female,Delhi,31772,80,0.7,No
30,Female,Delhi,109385,41,9.0,Yes
57,Male,Delhi,69036,18,2.5,No
35,Male,Bangalore,78531,22,2.7,No
42,Male,Delhi,139159,66,3.2,No
50,Male,Bangalore,32940,21,1.7,No
64,Female,Chennai,138027,44,6.6,Yes
57,Male,Bangalore,36932,47,1.2,No
60,Female,Chennai,115305,39,1.8,No
29,Male,Chennai,76827,29,6.6,Yes
61,Male,Bangalore,81431,54,3.7,Yes
53,Female,Mumbai,44648,90,7.2,No
21,Male,Hyderabad,132947,85,5.8,Yes
22,Male,Delhi,52966,17,2.9,No
54,Male,Hyderabad,47777,80,6.7,Yes
25,Male,Delhi,144661,60,1.6,Yes
59,Female,Delhi,52567,31,5.6,No
45,Female,Chennai,135259,73,4.7,Yes
48,Male,Delhi,37174,95,3.0,No
26,Male,Delhi,62598,78,6.2,Yes
46,Male,Bangalore,144711,49,8.8,Yes
31,Female,Hyderabad,79199,2,10.0,Yes
57,Female,Bangalore,33798,48,6.3,No
58,Female,Delhi,85364,14,4.3,Yes
39,Female,Chennai,37558,59,2.6,No
28,Male,Bangalore,81084,97,2.9,Yes
40,Male,Bangalore,64237,99,5.1,Yes
18,Male,Mumbai,85497,58,4.0,No
63,Female,Delhi,20178,58,9.2,Yes
54,Male,Chennai,136932,51,4.0,Yes
38,Female,Bangalore,106006,84,4.0,Yes
43,Female,Bangalore,37118,2,4.1,No
63,Male,Chennai,42616,41,8.4,No
53,Male,Delhi,20798,83,6.7,Yes
40,Male,Mumbai,27601,82,6.3,Yes
18,Female,Bangalore,45363,16,3.7,No
57,Female,Mumbai,22795,4,8.3,No
32,Male,Hyderabad,117462,12,0.9,No
38,Male,Delhi,65264,29,8.8,Yes
64,Female,Hyderabad,122892,7,5.4,Yes
26,Male,Hyderabad,92833,14,4.3,Yes
26,Female,Hyderabad,149688,12,5.2,Yes
27,Female,Delhi,23084,99,6.8,Yes
43,Male,Delhi,115865,5,0.6,No
58,Male,Chennai,96646,81,8.8,Yes
52,Male,Mumbai,20731,32,4.7,No
42,Male,Mumbai,21129,74,3.8,Yes
43,Female,Chennai,48022,43,1.8,No
28,Female,Chennai,21605,81,4.7,Yes
55,Female,Hyderabad,97506,69,5.2,Yes
19,Male,Chennai,129241,45,4.3,Yes
24,Female,Bangalore,64130,9,6.9,Yes
35,Male,Mumbai,49265,49,4.5,Yes
44,Male,Chennai,52330,33,9.6,No
51,Male,Bangalore,88469,18,6.2,Yes
44,Male,Bangalore,35187,9,8.2,No
34,Male,Bangalore,45791,62,1.5,No
60,Male,Bangalore,110436,57,4.3,No
61,Female,Hyderabad,90610,29,3.7,Yes
41,Male,Bangalore,132341,78,5.9,Yes
42,Female,Hyderabad,111962,25,8.7,Yes
24,Female,Hyderabad,59867,15,1.2,No
23,Male,Bangalore,136178,6,1.2,No
41,Male,Mumbai,20893,42,8.6,No
50,Male,Bangalore,119694,29,2.5,No
46,Female,Bangalore,39773,79,6.9,Yes
60,Male,Bangalore,24239,93,5.7,Yes
39,Female,Mumbai,40863,4,8.4,No
43,Male,Delhi,71415,82,1.7,Yes
45,Male,Delhi,88968,57,1.7,Yes
38,Female,Hyderabad,120675,49,5.8,Yes
24,Female,Hyderabad,80430,44,9.5,Yes
34,Male,Mumbai,139000,80,4.4,Yes
37,Female,Chennai,21515,75,3.6,Yes
58,Female,Delhi,117206,14,6.3,Yes
37,Female,Hyderabad,134210,3,9.3,Yes
39,Female,Delhi,124630,62,8.5,Yes
45,Female,Mumbai,34605,64,10.0,Yes
57,Male,Mumbai,76240,45,0.7,No
24,Male,Chennai,25586,82,1.6,No
18,Female,Chennai,121221,58,6.3,Yes
49,Male,Mumbai,140419,20,8.3,Yes
30,Male,Hyderabad,142374,58,3.2,Yes
47,Female,Delhi,134205,89,2.8,Yes
40,Male,Bangalore,51186,57,8.0,Yes
36,Female,Chennai,46928,77,1.0,No
49,Female,Bangalore,118264,68,4.0,Yes
47,Male,Hyderabad,103087,78,5.3,Yes
46,Female,Chennai,142990,97,5.8,Yes
62,Female,Bangalore,107029,92,7.4,Yes
46,Female,Hyderabad,40711,52,3.9,Yes
47,Female,Delhi,74962,37,6.3,Yes
33,Female,Hyderabad,40039,8,6.1,No
57,Male,Chennai,56561,44,5.7,No
36,Male,Mumbai,95483,98,6.6,Yes
35,Female,Delhi,117871,5,3.0,No
18,Female,Bangalore,101395,69,1.3,Yes
31,Male,Chennai,108658,31,1.6,No
64,Female,Mumbai,21577,45,2.6,No
19,Male,Hyderabad,127792,9,5.3,Yes
45,Female,Mumbai,48350,32,8.5,No
47,Female,Chennai,136908,33,7.2,Yes
55,Female,Chennai,127468,67,8.0,Yes
21,Female,Mumbai,53798,30,3.8,No
18,Female,Hyderabad,117434,76,4.3,No
25,Female,Mumbai,101417,29,4.2,Yes
46,Female,Chennai,30785,3,2.3,No
56,Male,Chennai,92227,90,1.1,Yes
20,Male,Bangalore,138680,57,6.1,Yes
49,Male,Bangalore,81957,30,9.9,Yes
27,Female,Delhi,85431,9,2.1,No
27,Female,Chennai,37297,26,0.9,No
36,Female,Bangalore,91894,2,7.9,Yes
63,Female,Mumbai,136869,62,2.9,No
51,Female,Hyderabad,83772,3,8.4,Yes
50,Female,Mumbai,39581,46,7.2,No
40,Female,Hyderabad,75192,68,9.5,Yes
45,Male,Bangalore,21462,25,4.4,No
49,Female,Delhi,148848,51,6.8,Yes
24,Male,Mumbai,84173,13,4.9,Yes
46,Male,Mumbai,35511,44,6.5,No
25,Female,Mumbai,96106,35,4.8,Yes
18,Female,Hyderabad,68665,55,2.3,Yes
20,Male,Bangalore,64414,87,5.3,Yes
41,Male,Mumbai,101010,9,5.5,Yes
40,Female,Mumbai,92573,2,8.2,Yes
25,Female,Delhi,113665,61,7.5,Yes
64,Male,Delhi,127803,41,6.8,Yes
54,Female,Bangalore,139682,44,1.6,No
20,Female,Bangalore,33386,64,7.3,Yes
50,Female,Chennai,144069,31,5.3,Yes
45,Male,Delhi,74460,47,9.0,Yes
64,Male,Chennai,26221,2,9.2,No
25,Male,Hyderabad,43474,96,1.0,No
51,Female,Chennai,126073,82,8.3,Yes
52,Female,Mumbai,135375,77,0.9,Yes
49,Male,Chennai,132660,69,4.0,Yes
41,Male,Bangalore,41045,58,5.7,Yes
31,Male,Hyderabad,111319,44,1.9,No
49,Female,Mumbai,136582,74,7.6,Yes
63,Male,Chennai,125693,56,0.6,Yes
60,Male,Hyderabad,24922,43,2.1,No
33,Female,Hyderabad,131943,89,6.0,Yes
21,Female,Mumbai,42706,34,7.3,No
54,Female,Chennai,62771,30,9.2,Yes
38,Male,Hyderabad,72335,71,7.2,Yes
31,Female,Hyderabad,118015,70,6.9,Yes
48,Female,Delhi,72949,55,4.2,Yes
35,Male,Hyderabad,90714,67,0.5,Yes
24,Female,Delhi,115558,13,1.6,No
27,Male,Chennai,35240,3,5.6,No
24,Male,Chennai,111756,26,6.9,Yes
50,Female,Chennai,122272,57,4.5,Yes
40,Female,Bangalore,22716,24,7.4,No
38,Female,Chennai,36574,53,5.5,Yes
36,Female,Hyderabad,131815,70,1.2,Yes
36,Female,Mumbai,103255,43,2.3,No
53,Female,Delhi,93717,60,8.5,Yes
46,Male,Bangalore,131299,58,7.4,Yes
35,Male,Chennai,64066,49,9.0,Yes
19,Female,Chennai,135066,42,1.6,No
18,Male,Mumbai,81826,76,9.9,Yes
64,Female,Mumbai,40213,66,2.5,No
22,Male,Bangalore,91916,11,0.6,No
37,Male,Delhi,86151,98,10.0,Yes
28,Male,Chennai,148518,90,3.2,Yes
59,Female,Bangalore,137018,18,6.8,No
19,Male,Hyderabad,149024,85,2.2,Yes
20,Female,Hyderabad,70906,52,6.0,Yes
40,Male,Bangalore,20463,46,9.1,Yes
29,Male,Chennai,51973,44,3.5,No
37,Male,Bangalore,94694,22,6.9,Yes
22,Male,Chennai,40651,53,2.3,No
54,Male,Mumbai,88694,59,6.4,Yes
55,Female,Bangalore,40008,94,3.7,Yes
47,Female,Chennai,131738,30,2.5,No
26,Male,Bangalore,90474,8,3.5,Yes
51,Male,Bangalore,58185,98,2.2,No
61,Male,Chennai,107924,57,9.1,Yes
52,Male,Chennai,94417,73,4.3,Yes
39,Female,Delhi,145502,20,2.8,No
61,Male,Bangalore,91139,25,4.8,Yes
41,Female,Hyderabad,54980,19,3.5,No
34,Male,Bangalore,42504,5,7.6,No
27,Female,Bangalore,74970,75,9.7,Yes
47,Male,Chennai,36766,79,4.7,Yes
63,Male,Bangalore,136944,72,8.7,Yes
40,Female,Bangalore,113922,83,5.9,Yes
49,Male,Hyderabad,31695,87,2.0,No
34,Male,Chennai,37796,27,7.1,No
34,Male,Bangalore,62543,40,5.4,Yes
31,Female,Mumbai,34559,96,6.7,Yes
26,Male,Delhi,124450,26,9.0,Yes
57,Male,Hyderabad,53139,27,4.7,No
19,Female,Bangalore,140494,62,9.1,No
62,Female,Mumbai,123869,83,7.6,Yes
42,Female,Bangalore,28802,50,5.1,No
56,Male,Bangalore,93843,42,6.2,Yes
26,Male,Chennai,60205,29,3.6,Yes
39,Male,Chennai,118750,39,9.8,Yes
60,Female,Chennai,54159,60,6.8,Yes
63,Male,Mumbai,31516,41,0.9,No
21,Male,Bangalore,70492,33,3.6,Yes
43,Female,Delhi,49086,83,6.4,No
46,Female,Hyderabad,133758,83,1.0,Yes
62,Female,Chennai,50480,97,0.7,Yes
51,Female,Chennai,72091,16,4.8,Yes
40,Female,Bangalore,148023,23,3.7,Yes
54,Male,Bangalore,130195,7,4.7,Yes
28,Female,Mumbai,67766,26,3.0,No
23,Male,Mumbai,58737,96,2.1,No
35,Male,Chennai,29265,12,7.0,No
38,Female,Bangalore,134165,72,5.4,Yes
59,Female,Delhi,139501,5,2.4,No
53,Female,Hyderabad,138257,92,3.5,Yes
58,Male,Bangalore,90990,69,6.1,Yes
55,Female,Bangalore,121454,49,1.2,No
51,Female,Mumbai,111717,26,1.9,No
34,Female,Hyderabad,35386,5,1.2,No
54,Female,Chennai,124718,22,8.2,Yes
42,Female,Bangalore,57425,79,7.6,Yes
55,Male,Chennai,141635,13,7.7,Yes
29,Male,Bangalore,63254,28,7.3,Yes
40,Male,Chennai,109863,33,6.9,Yes
59,Female,Hyderabad,138350,23,5.0,Yes
39,Female,Mumbai,73634,97,6.6,Yes
38,Female,Hyderabad,106717,18,0.9,No
44,Male,Delhi,67662,30,6.4,Yes
48,Female,Mumbai,106988,26,7.9,Yes
23,Female,Hyderabad,123784,16,5.3,No
44,Female,Delhi,126337,77,3.9,Yes
57,Male,Bangalore,119287,39,3.1,Yes
51,Female,Bangalore,107527,33,6.6,No
29,Male,Chennai,126847,26,7.1,Yes
62,Female,Mumbai,95452,48,8.8,Yes
24,Male,Bangalore,30143,65,3.8,Yes
27,Male,Mumbai,111391,38,7.8,Yes
62,Male,Bangalore,35581,2,5.8,No
34,Female,Chennai,87443,6,8.9,Yes
43,Female,Hyderabad,49424,46,5.5,No
38,Male,Chennai,108844,50,5.4,Yes
45,Male,Delhi,61984,38,6.0,Yes
63,Female,Bangalore,61505,88,7.6,Yes
19,Female,Delhi,132061,18,9.7,Yes
60,Male,Delhi,122478,27,1.2,No
18,Female,Mumbai,82699,41,1.0,No
53,Female,Bangalore,46957,72,9.4,Yes
43,Female,Delhi,45464,92,5.5,No
46,Female,Hyderabad,134012,74,6.3,Yes
38,Male,Delhi,43649,17,5.1,No
28,Female,Hyderabad,62065,62,1.4,Yes
57,Female,Mumbai,112661,29,7.8,Yes
28,Male,Delhi,54758,58,7.6,Yes
53,Male,Chennai,25596,70,3.5,Yes
56,Female,Mumbai,36374,78,3.4,Yes
57,Female,Hyderabad,138686,22,8.5,Yes
52,Female,Mumbai,23775,6,1.2,No
51,Female,Delhi,47388,26,8.9,No
64,Male,Bangalore,143800,39,2.9,No
41,Male,Bangalore,41029,12,6.1,No
39,Male,Hyderabad,103981,99,9.4,Yes
22,Female,Hyderabad,73639,14,6.9,Yes
50,Female,Bangalore,134010,22,4.4,Yes
53,Female,Hyderabad,34645,51,7.1,Yes
64,Female,Mumbai,51105,23,3.8,No
37,Male,Chennai,33668,48,3.1,No
36,Male,Chennai,147949,71,10.0,Yes
52,Female,Mumbai,35960,50,7.6,No
60,Male,Chennai,146519,89,6.6,Yes
34,Female,Delhi,31357,13,3.9,No
62,Female,Mumbai,84604,85,1.0,Yes
60,Male,Hyderabad,122739,10,0.8,No
51,Female,Mumbai,71796,55,5.8,No
26,Female,Bangalore,35804,9,7.7,No
43,Male,Hyderabad,147732,79,5.6,Yes
19,Female,Bangalore,135733,52,8.5,Yes
26,Female,Hyderabad,34626,2,0.8,No
26,Male,Chennai,48132,25,4.0,No
57,Female,Mumbai,27951,13,2.8,No
34,Male,Delhi,26449,98,4.7,Yes
18,Female,Hyderabad,39065,51,1.2,No
42,Male,Hyderabad,121503,58,9.6,Yes
60,Male,Bangalore,125072,34,2.6,No
57,Male,Chennai,29130,35,9.3,No
59,Female,Bangalore,109360,3,4.5,Yes
42,Male,Bangalore,82287,59,9.9,Yes
56,Male,Chennai,126937,70,5.8,Yes
52,Male,Delhi,71702,48,9.3,Yes
20,Male,Bangalore,56993,64,0.6,No
54,Male,Bangalore,51875,19,7.6,No
61,Female,Hyderabad,135284,67,9.1,Yes
61,Female,Chennai,26054,82,1.8,No
47,Female,Mumbai,119809,73,1.4,Yes
55,Female,Delhi,127357,76,4.5,Yes
51,Female,Delhi,68517,5,9.4,Yes
29,Female,Chennai,96368,67,5.7,Yes
36,Female,Hyderabad,49670,11,5.5,No
54,Male,Hyderabad,69112,94,1.8,Yes
61,Female,Chennai,108388,68,0.5,Yes
34,Male,Hyderabad,109156,69,8.2,Yes
27,Male,Delhi,48307,1,1.3,No
64,Female,Delhi,133087,91,6.5,Yes
29,Male,Mumbai,87087,92,9.2,Yes
33,Male,Chennai,67922,63,2.5,No
41,Male,Bangalore,83080,29,6.8,Yes
36,Male,Bangalore,113348,82,1.2,Yes
25,Female,Mumbai,99335,12,6.2,No
48,Female,Mumbai,46312,77,2.1,Yes
38,Female,Hyderabad,125156,41,7.5,Yes
34,Female,Mumbai,86985,2,3.4,Yes
40,Female,Mumbai,140641,37,4.9,Yes
54,Female,Bangalore,77608,45,6.2,Yes
33,Female,Hyderabad,109962,80,2.1,Yes
23,Female,Mumbai,120963,48,7.5,Yes
25,Female,Mumbai,60277,24,3.4,No
42,Female,Hyderabad,51551,99,6.8,Yes
35,Male,Chennai,109813,22,2.0,No
42,Female,Hyderabad,76597,11,7.0,Yes
29,Male,Bangalore,121025,58,1.7,Yes
32,Male,Chennai,144342,46,4.5,Yes
43,Male,Delhi,65212,29,2.8,No
58,Male,Hyderabad,29637,35,7.6,No
62,Female,Bangalore,63258,15,3.0,No
43,Male,Chennai,55693,60,8.9,Yes
64,Female,Hyderabad,29824,95,9.0,Yes
49,Female,Mumbai,149553,42,2.4,No
27,Male,Hyderabad,46950,43,6.3,No
33,Female,Delhi,43488,80,1.3,No
24,Male,Hyderabad,147870,74,4.2,Yes
34,Male,Chennai,124544,49,7.3,Yes
40,Female,Chennai,135200,64,6.8,Yes
43,Female,Hyderabad,20215,32,6.4,No
38,Male,Chennai,125603,64,3.2,Yes
39,Female,Mumbai,31523,2,4.1,No
24,Female,Hyderabad,95900,24,1.5,No
31,Female,Mumbai,88689,87,7.3,Yes
32,Male,Mumbai,43834,66,5.3,Yes
24,Male,Bangalore,54474,38,7.2,No
26,Female,Hyderabad,63066,31,2.9,No
25,Female,Chennai,119871,26,3.6,Yes
40,Female,Mumbai,30400,29,3.7,No
46,Female,Bangalore,145211,67,0.7,Yes
35,Female,Hyderabad,30345,78,3.7,Yes
48,Male,Hyderabad,53896,25,8.1,No
47,Female,Delhi,105430,48,9.0,Yes
56,Male,Delhi,48899,65,5.4,Yes
52,Female,Mumbai,126171,53,4.8,Yes
35,Male,Delhi,48229,67,0.8,No
59,Female,Mumbai,137053,90,8.9,Yes
56,Male,Chennai,25583,18,0.6,No
34,Female,Mumbai,24897,9,9.5,No
31,Male,Delhi,140406,38,5.1,Yes
48,Male,Chennai,91537,87,3.7,Yes
41,Male,Delhi,129417,21,9.3,Yes
52,Male,Mumbai,24567,65,0.7,No
61,Male,Bangalore,94807,21,6.0,No
62,Male,Hyderabad,149648,27,5.7,Yes
51,Female,Delhi,132652,70,2.6,Yes
20,Male,Mumbai,97239,44,4.6,No
54,Female,Chennai,33329,28,6.7,No
60,Female,Delhi,121045,45,7.4,Yes
57,Female,Delhi,137708,17,0.5,No
43,Female,Hyderabad,91792,40,9.4,Yes
40,Female,Mumbai,20228,3,2.1,No
61,Male,Bangalore,110282,76,2.7,Yes
56,Male,Chennai,102214,76,3.0,Yes
32,Male,Mumbai,57052,66,0.9,No
21,Female,Chennai,77769,46,1.7,No
46,Male,Delhi,66032,86,9.9,Yes
39,Male,Hyderabad,131694,87,3.5,Yes
42,Male,Hyderabad,108721,30,1.6,No
30,Male,Bangalore,53686,69,1.5,No
35,Male,Hyderabad,96981,9,7.3,Yes
50,Female,Delhi,118802,85,8.6,Yes
33,Male,Bangalore,83261,11,2.9,No
62,Female,Mumbai,22809,69,0.7,No
59,Female,Hyderabad,123265,99,2.6,Yes
61,Female,Bangalore,61785,91,1.0,Yes
19,Female,Delhi,56547,66,1.5,No
52,Female,Chennai,62818,88,4.6,Yes
59,Male,Chennai,120422,31,2.7,No
51,Male,Delhi,91927,33,5.4,Yes
47,Male,Delhi,85681,39,2.9,No
30,Female,Chennai,99465,94,9.4,Yes
30,Male,Bangalore,109862,46,9.1,Yes
35,Male,Chennai,115527,37,5.9,Yes
49,Female,Delhi,133221,92,3.9,Yes
49,Female,Hyderabad,57333,60,4.1,Yes
52,Female,Mumbai,146457,31,4.4,Yes
56,Female,Hyderabad,36576,11,7.4,No
63,Male,Hyderabad,139875,87,4.8,Yes
46,Female,Delhi,59405,2,8.6,No
46,Female,Chennai,114000,27,9.5,Yes
61,Male,Bangalore,93779,99,3.7,Yes
33,Male,Hyderabad,51601,2,5.8,No
61,Female,Chennai,87946,21,1.4,No
64,Male,Bangalore,87356,58,2.4,Yes
27,Female,Hyderabad,72116,5,4.4,Yes
47,Female,Bangalore,120825,52,2.5,Yes
42,Male,Chennai,144749,45,8.8,Yes
56,Male,Mumbai,137256,85,2.0,Yes
37,Female,Chennai,124186,93,4.8,No
22,Female,Delhi,82894,20,6.3,Yes
18,Female,Bangalore,54635,61,7.1,Yes
47,Male,Mumbai,27465,38,4.1,No
20,Female,Bangalore,76754,20,8.8,Yes
62,Female,Bangalore,117975,25,5.9,Yes
31,Female,Hyderabad,112850,2,4.7,Yes
47,Female,Delhi,129765,32,1.1,No
21,Female,Bangalore,105119,26,4.9,Yes
35,Male,Chennai,112691,70,8.3,Yes
54,Female,Chennai,58871,41,6.3,No
42,Female,Hyderabad,82874,67,8.4,Yes
18,Female,Delhi,97733,97,5.2,Yes
63,Female,Delhi,49511,1,1.6,No
32,Male,Chennai,100960,51,0.6,Yes
26,Male,Mumbai,68821,5,3.4,Yes
32,Male,Hyderabad,85776,13,7.1,Yes
41,Female,Hyderabad,138128,19,8.0,Yes
21,Female,Chennai,90167,12,3.3,Yes
29,Male,Chennai,95135,48,5.2,Yes
54,Male,Mumbai,64462,25,4.5,Yes
54,Male,Mumbai,81382,57,4.4,Yes
60,Female,Delhi,110194,35,2.7,No
23,Female,Hyderabad,123381,76,1.8,Yes
56,Male,Hyderabad,52574,94,2.4,No
63,Male,Chennai,122072,5,1.0,No
41,Male,Delhi,61910,98,2.4,Yes
28,Female,Hyderabad,93531,22,0.6,No
30,Female,Delhi,45186,77,6.5,Yes
51,Female,Delhi,114781,57,3.5,Yes
42,Male,Chennai,42813,47,9.7,Yes
24,Male,Delhi,98812,54,2.3,Yes
21,Female,Mumbai,105525,3,3.8,Yes
25,Male,Mumbai,98282,53,3.9,Yes
37,Female,Bangalore,129779,84,0.6,Yes
46,Male,Chennai,38557,31,8.5,No
62,Male,Bangalore,48060,69,0.8,No
63,Male,Mumbai,78866,88,9.4,Yes
27,Male,Bangalore,92104,33,9.0,Yes
60,Female,Chennai,120905,72,5.6,Yes
51,Male,Chennai,104577,88,5.7,Yes
43,Female,Delhi,26080,50,6.7,No
58,Female,Hyderabad,33854,84,4.2,Yes
20,Female,Delhi,142013,16,6.6,Yes
23,Male,Chennai,87695,76,0.9,Yes
22,Female,Mumbai,47025,77,1.0,No
22,Female,Mumbai,72982,39,4.8,Yes
64,Female,Delhi,61081,89,5.7,Yes
40,Male,Chennai,24368,46,8.9,No
26,Male,Mumbai,119621,96,1.5,Yes
52,Female,Chennai,139181,88,8.3,Yes
37,Male,Mumbai,47094,47,2.5,No
59,Female,Chennai,66040,44,4.2,Yes
52,Female,Bangalore,86766,9,3.5,Yes
35,Male,Chennai,103053,87,4.3,Yes
34,Female,Chennai,43991,50,1.9,No
41,Male,Delhi,21301,77,5.3,Yes
20,Male,Bangalore,48610,60,8.1,Yes
49,Female,Hyderabad,101463,96,4.7,Yes
52,Male,Delhi,54678,15,5.2,No
55,Male,Hyderabad,44466,36,8.6,No
30,Female,Mumbai,100440,63,7.2,Yes
64,Female,Hyderabad,60875,69,5.2,Yes
42,Male,Chennai,46081,86,2.9,No
26,Male,Hyderabad,44354,80,8.9,No
21,Female,Delhi,113297,41,6.0,No
31,Male,Delhi,38300,74,2.6,No
54,Male,Hyderabad,84384,24,3.1,Yes
51,Male,Delhi,115027,82,8.1,Yes
28,Male,Delhi,141684,49,0.9,No
58,Male,Hyderabad,80892,18,9.9,Yes
20,Male,Bangalore,55525,7,1.7,No
45,Male,Bangalore,46532,4,8.1,Yes
46,Female,Mumbai,26464,90,4.3,Yes
26,Female,Delhi,36562,69,5.2,No
20,Female,Hyderabad,127392,60,8.9,Yes
42,Female,Delhi,75514,55,4.4,Yes
51,Female,Chennai,133428,16,5.6,Yes
29,Male,Delhi,132564,99,1.0,Yes
59,Male,Delhi,128047,90,0.5,Yes
26,Male,Bangalore,94219,82,2.8,Yes
32,Male,Hyderabad,52634,29,7.0,No
57,Female,Delhi,20060,23,1.7,No
42,Male,Bangalore,29269,14,1.6,Yes
22,Male,Mumbai,83143,79,4.4,Yes
28,Female,Bangalore,43065,49,6.7,No
51,Male,Bangalore,22895,33,7.3,No
41,Male,Bangalore,100859,25,2.2,No
32,Female,Delhi,32352,21,1.3,No
55,Male,Delhi,130179,17,9.4,Yes
25,Male,Mumbai,69737,23,3.0,No
22,Male,Chennai,124127,57,8.6,Yes
43,Male,Chennai,116426,81,8.7,Yes
35,Male,Chennai,52016,58,7.8,Yes
23,Female,Mumbai,81304,14,2.1,No
54,Female,Chennai,31962,93,8.3,Yes
30,Female,Chennai,53302,20,7.8,No
45,Female,Bangalore,105382,30,6.2,Yes
22,Female,Delhi,24011,19,3.7,Yes
30,Female,Delhi,149716,53,3.0,Yes
34,Male,Bangalore,39782,56,1.7,No
57,Female,Bangalore,87691,77,5.3,Yes
62,Female,Bangalore,140654,82,6.1,Yes
49,Male,Delhi,142017,23,3.9,Yes
46,Male,Chennai,59725,62,5.0,Yes
20,Female,Bangalore,29196,33,4.0,No
57,Male,Mumbai,63459,18,6.6,Yes
51,Female,Bangalore,107245,73,9.1,No
57,Male,Hyderabad,149613,33,2.1,No
44,Female,Bangalore,98863,32,4.1,Yes
30,Male,Delhi,143206,61,1.8,Yes
62,Male,Bangalore,139391,54,6.4,Yes
50,Female,Hyderabad,121010,17,7.4,Yes
23,Female,Mumbai,52769,19,9.4,No
41,Female,Chennai,127529,91,3.1,Yes
36,Female,Bangalore,145361,70,9.5,Yes
33,Female,Hyderabad,44700,99,1.1,No
57,Male,Hyderabad,135792,34,6.2,Yes
45,Female,Mumbai,100356,84,1.0,Yes
50,Female,Delhi,96427,25,9.0,Yes
58,Male,Bangalore,120165,68,5.5,Yes
30,Male,Hyderabad,25269,74,6.9,Yes
60,Female,Mumbai,141631,74,8.4,Yes
62,Male,Chennai,63880,88,1.9,Yes
42,Male,Hyderabad,134003,85,0.9,Yes
59,Female,Mumbai,28320,11,8.8,No
53,Male,Delhi,69589,91,3.5,Yes
44,Male,Delhi,139534,16,1.7,No
55,Female,Hyderabad,96276,90,5.0,Yes
24,Female,Hyderabad,55897,61,6.2,Yes
22,Male,Bangalore,78565,94,0.8,Yes
60,Male,Mumbai,50930,80,3.1,Yes
62,Female,Hyderabad,77233,7,0.8,No
48,Male,Bangalore,102821,16,4.5,Yes
40,Male,Bangalore,34380,99,9.0,Yes
59,Male,Hyderabad,96896,16,9.8,Yes
27,Female,Delhi,90934,40,6.6,Yes
49,Male,Mumbai,75830,12,2.0,No
60,Male,Mumbai,25529,35,9.1,No
47,Female,Delhi,141292,21,5.4,Yes
56,Male,Hyderabad,114598,50,2.0,No
48,Male,Mumbai,122222,43,9.3,Yes
35,Female,Hyderabad,102987,17,7.7,Yes
53,Female,Hyderabad,69178,32,7.5,Yes
19,Female,Bangalore,26937,41,7.2,No
31,Female,Delhi,141952,6,2.4,No
30,Male,Hyderabad,59886,88,2.5,No
46,Male,Chennai,69699,27,7.0,Yes
29,Female,Delhi,96396,20,2.6,No
56,Female,Mumbai,110678,25,4.7,Yes
19,Male,Bangalore,45279,66,7.9,Yes
49,Female,Mumbai,58106,9,7.9,No
30,Male,Mumbai,130776,92,4.8,Yes
63,Female,Delhi,121444,53,8.0,No
44,Male,Mumbai,126300,61,8.5,Yes
58,Female,Hyderabad,133793,38,6.7,Yes
34,Female,Mumbai,136278,3,2.7,No
57,Male,Bangalore,99737,84,3.1,Yes
48,Female,Bangalore,60544,70,3.5,Yes
51,Male,Chennai,123247,97,1.6,Yes
41,Male,Bangalore,131190,55,3.1,Yes
62,Male,Mumbai,28997,1,2.5,No
52,Male,Bangalore,126102,70,4.8,Yes
23,Male,Delhi,105711,45,9.1,Yes
36,Female,Bangalore,136045,98,1.5,Yes
47,Female,Hyderabad,60860,47,7.3,Yes
24,Male,Delhi,23225,79,7.0,Yes
27,Female,Chennai,130114,26,1.4,No
58,Male,Hyderabad,79470,14,9.3,Yes
49,Female,Mumbai,133218,54,5.9,Yes
51,Female,Mumbai,148854,71,4.0,Yes
45,Female,Mumbai,120764,46,7.7,No
32,Female,Hyderabad,127041,31,2.9,No
47,Male,Hyderabad,132224,88,7.1,Yes
54,Male,Hyderabad,83656,59,0.9,Yes
46,Female,Delhi,71880,95,8.5,Yes
39,Female,Delhi,81078,29,4.8,Yes
21,Male,Mumbai,108646,96,6.5,Yes
37,Female,Bangalore,96290,17,2.6,No
49,Male,Mumbai,76633,14,6.9,Yes
53,Male,Chennai,46655,36,7.8,Yes
21,Male,Delhi,141118,58,5.0,No
44,Female,Hyderabad,63601,24,6.4,Yes
34,Male,Delhi,23114,63,4.8,Yes
29,Female,Hyderabad,46502,91,9.0,Yes
39,Male,Chennai,69768,25,5.2,Yes
34,Female,Chennai,68128,59,8.5,No
27,Female,Delhi,40028,32,8.1,No
18,Female,Hyderabad,75565,82,4.4,No
39,Male,Chennai,103123,18,2.7,No
43,Male,Mumbai,128255,37,4.4,Yes
35,Female,Mumbai,55333,26,8.3,No
31,Female,Hyderabad,23174,9,2.7,No
64,Female,Delhi,137769,99,5.5,Yes
46,Male,Chennai,55398,64,8.2,Yes
29,Male,Delhi,55929,72,3.9,No
53,Male,Mumbai,24321,20,6.6,No
52,Male,Chennai,143549,54,2.8,Yes
29,Female,Delhi,115971,86,1.5,Yes
24,Female,Bangalore,131508,83,8.0,Yes
46,Male,Hyderabad,75421,30,1.4,No
28,Male,Hyderabad,92635,53,3.1,Yes
50,Female,Bangalore,43760,92,8.6,Yes
23,Male,Mumbai,31360,99,3.8,Yes
64,Male,Chennai,30313,63,9.7,Yes
32,Male,Hyderabad,131806,11,9.8,Yes
49,Male,Bangalore,105998,31,3.0,No
28,Male,Bangalore,25801,49,0.9,No
40,Male,Mumbai,34130,94,7.2,Yes
43,Female,Mumbai,34271,87,4.8,Yes
51,Male,Delhi,36075,19,1.5,No
63,Male,Hyderabad,122455,12,7.2,Yes
51,Female,Delhi,127215,15,0.8,Yes
46,Female,Bangalore,38984,31,8.8,No
21,Female,Chennai,108095,43,1.8,No
34,Male,Chennai,80942,37,1.7,No
52,Female,Mumbai,32861,79,2.2,No
30,Male,Chennai,118970,29,9.6,Yes
58,Male,Chennai,102203,26,7.1,Yes
56,Male,Chennai,91376,2,8.1,Yes
32,Female,Bangalore,81247,84,4.3,Yes
46,Female,Chennai,89101,15,3.7,Yes
46,Female,Chennai,128730,4,2.7,No
28,Female,Chennai,40977,86,5.1,Yes
49,Female,Delhi,70617,50,5.7,Yes
19,Male,Bangalore,77473,38,6.5,Yes
64,Male,Mumbai,106654,23,2.9,Yes
31,Male,Delhi,108177,59,9.5,Yes
37,Male,Hyderabad,92902,90,2.1,Yes
39,Female,Bangalore,112172,75,9.7,Yes
28,Female,Bangalore,35630,28,0.6,No
44,Male,Hyderabad,40056,66,5.1,Yes
20,Female,Hyderabad,27382,8,3.7,No
34,Female,Hyderabad,75739,29,4.8,Yes
61,Male,Mumbai,101685,11,5.9,Yes
45,Male,Chennai,68639,18,4.6,Yes
46,Female,Bangalore,79838,55,4.4,Yes
38,Female,Chennai,66041,50,7.5,Yes
64,Male,Chennai,20992,14,7.0,No
33,Male,Hyderabad,92394,74,8.4,Yes
54,Male,Mumbai,87657,99,2.9,Yes
37,Female,Delhi,47160,9,6.3,No
23,Male,Mumbai,65156,99,6.1,Yes
36,Male,Chennai,71375,11,4.0,Yes
22,Female,Mumbai,106442,63,5.1,Yes
20,Female,Hyderabad,39572,76,3.5,Yes
18,Female,Delhi,137925,67,1.8,Yes
55,Female,Hyderabad,24136,53,2.5,No
32,Female,Delhi,81868,39,1.5,No
51,Male,Chennai,102263,78,7.0,No
52,Male,Delhi,52167,56,6.8,Yes
42,Female,Delhi,130957,28,9.5,Yes
41,Female,Delhi,35479,75,7.4,Yes
29,Female,Mumbai,139392,39,1.0,No
35,Female,Mumbai,51376,25,8.9,No
32,Female,Chennai,24823,21,8.7,No
61,Male,Delhi,145156,10,4.7,Yes
33,Male,Bangalore,90456,43,6.1,Yes
44,Male,Chennai,39585,15,9.8,No
25,Male,Delhi,123775,83,5.6,Yes
63,Female,Delhi,37272,48,9.1,No
42,Male,Mumbai,46619,86,1.3,No
34,Female,Chennai,95069,21,2.3,No
46,Female,Delhi,59895,60,4.7,Yes
25,Female,Delhi,23720,96,6.1,Yes
32,Male,Chennai,39267,50,8.3,No
44,Female,Bangalore,35696,23,9.9,No
63,Male,Chennai,49968,13,4.2,No
24,Male,Chennai,73364,69,1.0,Yes
20,Female,Bangalore,43345,4,8.1,No
46,Female,Chennai,71567,92,6.2,Yes
61,Female,Delhi,111229,78,2.4,Yes
41,Male,Chennai,81607,72,5.2,Yes
20,Female,Bangalore,39385,9,7.6,No
37,Male,Hyderabad,103658,35,7.8,Yes
63,Female,Chennai,86900,21,5.2,Yes
32,Female,Mumbai,88244,58,3.4,No
42,Male,Delhi,85425,18,9.8,Yes
47,Male,Delhi,98518,97,6.8,Yes
31,Male,Mumbai,102844,72,4.4,Yes
24,Male,Mumbai,52919,81,3.2,Yes
34,Male,Chennai,110697,43,7.4,Yes
61,Male,Mumbai,77196,95,2.8,Yes
37,Female,Hyderabad,135600,98,2.1,Yes
53,Female,Bangalore,120625,6,5.5,Yes
26,Male,Mumbai,99401,86,3.3,No
55,Female,Mumbai,20495,78,6.5,Yes
39,Male,Hyderabad,64755,67,1.6,Yes
19,Female,Delhi,87684,12,6.7,Yes
41,Female,Delhi,53324,12,3.2,No
25,Male,Chennai,98929,66,0.5,Yes
28,Male,Hyderabad,21552,2,1.7,No
30,Male,Bangalore,71272,15,9.4,Yes
34,Female,Bangalore,55853,23,8.7,No
25,Male,Hyderabad,138192,29,2.7,No
38,Female,Bangalore,52924,81,7.9,Yes
35,Male,Delhi,94462,96,6.3,Yes
47,Female,Bangalore,116387,7,9.7,Yes
35,Female,Bangalore,43889,94,4.0,Yes
63,Male,Hyderabad,125466,28,7.0,No
64,Female,Hyderabad,74675,14,1.1,Yes
48,Female,Bangalore,142231,44,4.3,Yes
55,Male,Mumbai,93591,30,9.7,Yes
49,Female,Hyderabad,90190,81,5.6,Yes
28,Male,Chennai,42634,32,3.2,No
62,Male,Chennai,52363,70,1.6,Yes
42,Male,Delhi,83752,88,7.2,Yes
50,Male,Bangalore,97004,6,6.6,Yes
55,Female,Mumbai,76398,27,4.1,Yes
58,Female,Delhi,118458,82,9.5,Yes
25,Female,Bangalore,60718,88,0.7,Yes
28,Male,Hyderabad,133627,24,3.4,Yes
39,Female,Chennai,102916,34,9.3,Yes
41,Female,Mumbai,46870,40,3.5,No
58,Male,Chennai,57394,47,2.9,No
34,Male,Hyderabad,72057,79,5.6,Yes
29,Female,Bangalore,99795,75,8.3,Yes
63,Male,Hyderabad,100409,86,1.5,Yes
49,Male,Hyderabad,33016,24,9.5,No
32,Male,Chennai,62137,65,8.1,Yes
33,Male,Mumbai,20153,18,2.2,No
39,Female,Hyderabad,27853,44,7.3,No
45,Male,Chennai,32379,76,4.2,Yes
37,Male,Mumbai,35792,57,4.3,Yes
50,Male,Bangalore,141169,28,7.9,Yes
27,Male,Bangalore,58367,71,9.6,Yes
57,Male,Delhi,38100,23,1.7,No
49,Male,Chennai,146082,85,4.5,Yes
50,Male,Mumbai,133089,34,5.1,Yes
19,Male,Hyderabad,83456,11,4.1,Yes
50,Female,Bangalore,31049,86,4.0,Yes
50,Male,Mumbai,20786,35,1.0,No
58,Female,Chennai,89904,93,7.0,Yes
30,Male,Delhi,50699,42,4.6,No
47,Male,Bangalore,142784,28,2.4,No
50,Male,Mumbai,67691,82,8.3,Yes
30,Male,Mumbai,57040,78,8.1,Yes
43,Female,Mumbai,138455,82,5.1,Yes
39,Male,Chennai,112990,92,3.3,Yes
56,Male,Chennai,77986,24,6.6,Yes
19,Female,Chennai,58762,8,3.2,No
55,Female,Hyderabad,43600,53,2.7,No
56,Male,Mumbai,114774,72,7.4,Yes
43,Female,Bangalore,110777,4,0.9,No
63,Female,Chennai,39810,91,1.4,No
32,Female,Chennai,105703,5,0.6,No
51,Male,Mumbai,107347,97,2.0,Yes
59,Male,Chennai,125315,49,1.2,No
61,Male,Hyderabad,77204,98,10.0,Yes
57,Female,Hyderabad,40085,30,3.2,No
28,Male,Chennai,66854,72,1.9,Yes
20,Female,Mumbai,94797,63,2.8,Yes
23,Male,Mumbai,104269,47,9.4,Yes
26,Male,Mumbai,59779,26,5.4,No
23,Female,Delhi,76207,57,4.0,Yes
26,Male,Chennai,114615,37,8.8,Yes
56,Female,Mumbai,53980,98,4.3,Yes
48,Female,Hyderabad,76117,7,3.7,No
49,Male,Bangalore,34141,40,2.5,No
58,Female,Bangalore,29344,92,4.1,Yes
29,Male,Mumbai,125008,39,3.5,Yes
25,Male,Bangalore,35896,62,6.9,Yes
25,Female,Bangalore,109353,92,3.3,Yes
45,Male,Delhi,49813,78,6.0,Yes
37,Female,Hyderabad,104431,53,1.1,Yes
64,Male,Hyderabad,85679,4,2.3,No
24,Male,Delhi,30681,82,4.4,Yes
28,Male,Delhi,92903,25,9.4,Yes
37,Male,Bangalore,23228,7,4.1,No
33,Male,Chennai,24582,28,6.8,No
21,Female,Bangalore,98683,69,2.9,Yes
23,Female,Delhi,31397,67,1.7,No
39,Female,Hyderabad,58799,95,1.1,No
43,Female,Bangalore,57011,20,3.4,Yes
20,Female,Chennai,99183,83,2.0,Yes
58,Female,Bangalore,113254,11,2.2,No
59,Male,Mumbai,64264,67,7.7,Yes
31,Male,Bangalore,62317,87,0.7,Yes
28,Female,Delhi,67914,7,5.8,Yes
35,Female,Hyderabad,104633,23,4.1,Yes
29,Male,Hyderabad,122489,61,5.3,Yes
40,Male,Delhi,144237,71,5.8,Yes
29,Male,Mumbai,65254,34,3.5,Yes
30,Female,Delhi,60096,19,3.3,Yes
42,Female,Bangalore,73785,58,7.5,Yes
62,Female,Delhi,72344,9,8.8,Yes
36,Male,Delhi,134988,48,2.3,No
63,Male,Mumbai,102643,82,1.4,Yes
53,Female,Bangalore,140382,41,9.0,Yes
62,Female,Chennai,88546,48,3.8,No
25,Male,Chennai,91091,45,5.7,Yes
46,Male,Hyderabad,85603,25,3.9,Yes
49,Male,Delhi,48412,78,1.7,No
61,Male,Hyderabad,130489,25,6.1,Yes
35,Female,Mumbai,71658,19,5.5,Yes
23,Male,Chennai,119841,39,2.4,No
35,Male,Delhi,69549,79,4.8,Yes
36,Male,Mumbai,147595,80,8.1,Yes
39,Female,Mumbai,31549,27,6.1,No
54,Female,Delhi,91216,74,1.4,Yes
49,Male,Mumbai,45739,63,5.7,Yes
58,Male,Delhi,41209,68,7.2,Yes
20,Male,Delhi,127051,19,8.0,Yes
45,Female,Bangalore,107968,28,6.5,Yes
27,Female,Hyderabad,35116,85,2.0,No
52,Female,Mumbai,40045,78,7.2,Yes
46,Male,Mumbai,46327,33,6.9,No
32,Female,Bangalore,55709,10,0.7,No
50,Male,Bangalore,63617,83,4.4,Yes
24,Male,Bangalore,80139,30,3.7,Yes
29,Male,Chennai,46905,22,6.9,No
47,Female,Chennai,84148,3,2.6,No
38,Male,Chennai,92603,82,6.1,Yes
48,Female,Delhi,118095,75,9.2,Yes
41,Female,Mumbai,139779,48,8.1,No
37,Male,Hyderabad,62919,2,9.3,Yes
54,Male,Delhi,103521,76,9.8,Yes
21,Female,Mumbai,112905,54,0.6,No
45,Male,Mumbai,103400,6,6.4,Yes
61,Female,Bangalore,108150,40,4.4,Yes
37,Male,Bangalore,78446,93,8.7,No
41,Female,Delhi,72428,94,2.9,Yes
49,Female,Bangalore,67894,2,9.8,Yes
58,Female,Mumbai,101149,73,6.3,Yes
53,Female,Bangalore,26447,2,8.0,No
51,Male,Chennai,25499,93,1.3,No
53,Male,Bangalore,59041,97,2.2,No
19,Female,Mumbai,51315,74,7.7,Yes
32,Female,Delhi,21299,98,0.7,No
51,Male,Hyderabad,140506,55,8.3,Yes
53,Male,Bangalore,125005,72,0.6,No
23,Male,Mumbai,24994,60,6.7,Yes
56,Male,Hyderabad,115414,97,4.0,Yes
59,Male,Hyderabad,101163,6,6.3,Yes
29,Male,Chennai,146759,19,7.1,Yes
20,Female,Hyderabad,27489,96,3.8,Yes
62,Male,Mumbai,111647,27,1.5,No
35,Male,Mumbai,52355,1,1.2,No
57,Female,Bangalore,93805,33,6.1,Yes
38,Male,Bangalore,88367,40,5.4,Yes
32,Male,Bangalore,129906,32,7.6,Yes
50,Male,Hyderabad,137409,69,5.3,Yes
52,Male,Hyderabad,97355,17,4.5,Yes
43,Male,Chennai,136220,8,4.3,Yes
25,Female,Bangalore,110349,57,0.8,Yes
53,Male,Delhi,107173,42,3.7,Yes
47,Female,Chennai,21996,98,9.8,Yes
40,Female,Delhi,139999,9,8.8,Yes
59,Male,Hyderabad,64387,87,3.6,Yes
61,Female,Chennai,134965,35,6.1,Yes
31,Male,Chennai,23089,71,8.5,Yes
31,Female,Mumbai,118827,79,4.7,Yes
19,Female,Hyderabad,40659,53,0.7,No
54,Male,Hyderabad,65178,54,1.2,Yes
22,Male,Chennai,140053,84,5.3,Yes
55,Male,Hyderabad,115965,25,9.7,Yes
62,Male,Chennai,101268,67,7.1,No
58,Male,Mumbai,105042,62,1.2,Yes
64,Female,Chennai,126471,55,2.3,Yes
31,Female,Hyderabad,90726,46,7.8,Yes
56,Female,Hyderabad,90111,24,8.5,Yes
42,Female,Chennai,126031,98,6.4,Yes
37,Female,Chennai,133682,46,6.6,Yes
19,Female,Chennai,54565,22,0.8,Yes
56,Female,Bangalore,120435,11,8.4,Yes
23,Male,Hyderabad,109242,48,8.0,Yes
